--
-- PostgreSQL database dump
--

-- Dumped from database version 15.2 (Debian 15.2-1.pgdg110+1)
-- Dumped by pg_dump version 15.2 (Ubuntu 15.2-1.pgdg22.04+1)

SET statement_timeout = 0;
SET lock_timeout = 0;
SET idle_in_transaction_session_timeout = 0;
SET client_encoding = 'UTF8';
SET standard_conforming_strings = on;
SELECT pg_catalog.set_config('search_path', '', false);
SET check_function_bodies = false;
SET xmloption = content;
SET client_min_messages = warning;
SET row_security = off;

SET default_tablespace = '';

SET default_table_access_method = heap;

--
-- Name: Availability; Type: TABLE; Schema: public; Owner: eshop
--

CREATE TABLE public."Availability" (
    id integer NOT NULL,
    "workerId" integer NOT NULL,
    start timestamp(3) without time zone NOT NULL,
    "end" timestamp(3) without time zone NOT NULL
);


ALTER TABLE public."Availability" OWNER TO eshop;

--
-- Name: Availability_id_seq; Type: SEQUENCE; Schema: public; Owner: eshop
--

CREATE SEQUENCE public."Availability_id_seq"
    AS integer
    START WITH 1
    INCREMENT BY 1
    NO MINVALUE
    NO MAXVALUE
    CACHE 1;


ALTER TABLE public."Availability_id_seq" OWNER TO eshop;

--
-- Name: Availability_id_seq; Type: SEQUENCE OWNED BY; Schema: public; Owner: eshop
--

ALTER SEQUENCE public."Availability_id_seq" OWNED BY public."Availability".id;


--
-- Name: Cart; Type: TABLE; Schema: public; Owner: eshop
--

CREATE TABLE public."Cart" (
    id integer NOT NULL,
    "userId" integer NOT NULL
);


ALTER TABLE public."Cart" OWNER TO eshop;

--
-- Name: CartItem; Type: TABLE; Schema: public; Owner: eshop
--

CREATE TABLE public."CartItem" (
    id integer NOT NULL,
    "cartId" integer NOT NULL,
    "productId" integer NOT NULL,
    quantity integer NOT NULL
);


ALTER TABLE public."CartItem" OWNER TO eshop;

--
-- Name: CartItem_id_seq; Type: SEQUENCE; Schema: public; Owner: eshop
--

CREATE SEQUENCE public."CartItem_id_seq"
    AS integer
    START WITH 1
    INCREMENT BY 1
    NO MINVALUE
    NO MAXVALUE
    CACHE 1;


ALTER TABLE public."CartItem_id_seq" OWNER TO eshop;

--
-- Name: CartItem_id_seq; Type: SEQUENCE OWNED BY; Schema: public; Owner: eshop
--

ALTER SEQUENCE public."CartItem_id_seq" OWNED BY public."CartItem".id;


--
-- Name: Cart_id_seq; Type: SEQUENCE; Schema: public; Owner: eshop
--

CREATE SEQUENCE public."Cart_id_seq"
    AS integer
    START WITH 1
    INCREMENT BY 1
    NO MINVALUE
    NO MAXVALUE
    CACHE 1;


ALTER TABLE public."Cart_id_seq" OWNER TO eshop;

--
-- Name: Cart_id_seq; Type: SEQUENCE OWNED BY; Schema: public; Owner: eshop
--

ALTER SEQUENCE public."Cart_id_seq" OWNED BY public."Cart".id;


--
-- Name: Notification; Type: TABLE; Schema: public; Owner: eshop
--

CREATE TABLE public."Notification" (
    id integer NOT NULL,
    "scheduleId" integer NOT NULL,
    content text NOT NULL,
    "createdAt" timestamp(3) without time zone DEFAULT CURRENT_TIMESTAMP NOT NULL
);


ALTER TABLE public."Notification" OWNER TO eshop;

--
-- Name: Notification_id_seq; Type: SEQUENCE; Schema: public; Owner: eshop
--

CREATE SEQUENCE public."Notification_id_seq"
    AS integer
    START WITH 1
    INCREMENT BY 1
    NO MINVALUE
    NO MAXVALUE
    CACHE 1;


ALTER TABLE public."Notification_id_seq" OWNER TO eshop;

--
-- Name: Notification_id_seq; Type: SEQUENCE OWNED BY; Schema: public; Owner: eshop
--

ALTER SEQUENCE public."Notification_id_seq" OWNED BY public."Notification".id;


--
-- Name: Post; Type: TABLE; Schema: public; Owner: eshop
--

CREATE TABLE public."Post" (
    id integer NOT NULL,
    title text NOT NULL,
    content text NOT NULL,
    "userId" integer NOT NULL,
    published boolean DEFAULT false NOT NULL
);


ALTER TABLE public."Post" OWNER TO eshop;

--
-- Name: Post_id_seq; Type: SEQUENCE; Schema: public; Owner: eshop
--

CREATE SEQUENCE public."Post_id_seq"
    AS integer
    START WITH 1
    INCREMENT BY 1
    NO MINVALUE
    NO MAXVALUE
    CACHE 1;


ALTER TABLE public."Post_id_seq" OWNER TO eshop;

--
-- Name: Post_id_seq; Type: SEQUENCE OWNED BY; Schema: public; Owner: eshop
--

ALTER SEQUENCE public."Post_id_seq" OWNED BY public."Post".id;


--
-- Name: Product; Type: TABLE; Schema: public; Owner: eshop
--

CREATE TABLE public."Product" (
    id integer NOT NULL,
    name text NOT NULL,
    price text NOT NULL,
    description text,
    image text
);


ALTER TABLE public."Product" OWNER TO eshop;

--
-- Name: Product_id_seq; Type: SEQUENCE; Schema: public; Owner: eshop
--

CREATE SEQUENCE public."Product_id_seq"
    AS integer
    START WITH 1
    INCREMENT BY 1
    NO MINVALUE
    NO MAXVALUE
    CACHE 1;


ALTER TABLE public."Product_id_seq" OWNER TO eshop;

--
-- Name: Product_id_seq; Type: SEQUENCE OWNED BY; Schema: public; Owner: eshop
--

ALTER SEQUENCE public."Product_id_seq" OWNED BY public."Product".id;


--
-- Name: Report; Type: TABLE; Schema: public; Owner: eshop
--

CREATE TABLE public."Report" (
    id integer NOT NULL,
    "scheduleId" integer NOT NULL,
    type text NOT NULL,
    data jsonb NOT NULL,
    "createdAt" timestamp(3) without time zone DEFAULT CURRENT_TIMESTAMP NOT NULL
);


ALTER TABLE public."Report" OWNER TO eshop;

--
-- Name: Report_id_seq; Type: SEQUENCE; Schema: public; Owner: eshop
--

CREATE SEQUENCE public."Report_id_seq"
    AS integer
    START WITH 1
    INCREMENT BY 1
    NO MINVALUE
    NO MAXVALUE
    CACHE 1;


ALTER TABLE public."Report_id_seq" OWNER TO eshop;

--
-- Name: Report_id_seq; Type: SEQUENCE OWNED BY; Schema: public; Owner: eshop
--

ALTER SEQUENCE public."Report_id_seq" OWNED BY public."Report".id;


--
-- Name: Schedule; Type: TABLE; Schema: public; Owner: eshop
--

CREATE TABLE public."Schedule" (
    id integer NOT NULL,
    "createdAt" timestamp(3) without time zone DEFAULT CURRENT_TIMESTAMP NOT NULL,
    "updatedAt" timestamp(3) without time zone NOT NULL,
    "startDate" timestamp(3) without time zone NOT NULL,
    "endDate" timestamp(3) without time zone NOT NULL
);


ALTER TABLE public."Schedule" OWNER TO eshop;

--
-- Name: Schedule_id_seq; Type: SEQUENCE; Schema: public; Owner: eshop
--

CREATE SEQUENCE public."Schedule_id_seq"
    AS integer
    START WITH 1
    INCREMENT BY 1
    NO MINVALUE
    NO MAXVALUE
    CACHE 1;


ALTER TABLE public."Schedule_id_seq" OWNER TO eshop;

--
-- Name: Schedule_id_seq; Type: SEQUENCE OWNED BY; Schema: public; Owner: eshop
--

ALTER SEQUENCE public."Schedule_id_seq" OWNED BY public."Schedule".id;


--
-- Name: Shift; Type: TABLE; Schema: public; Owner: eshop
--

CREATE TABLE public."Shift" (
    id integer NOT NULL,
    "scheduleId" integer NOT NULL,
    "workerId" integer NOT NULL,
    start timestamp(3) without time zone NOT NULL,
    "end" timestamp(3) without time zone NOT NULL
);


ALTER TABLE public."Shift" OWNER TO eshop;

--
-- Name: Shift_id_seq; Type: SEQUENCE; Schema: public; Owner: eshop
--

CREATE SEQUENCE public."Shift_id_seq"
    AS integer
    START WITH 1
    INCREMENT BY 1
    NO MINVALUE
    NO MAXVALUE
    CACHE 1;


ALTER TABLE public."Shift_id_seq" OWNER TO eshop;

--
-- Name: Shift_id_seq; Type: SEQUENCE OWNED BY; Schema: public; Owner: eshop
--

ALTER SEQUENCE public."Shift_id_seq" OWNED BY public."Shift".id;


--
-- Name: TimeOff; Type: TABLE; Schema: public; Owner: eshop
--

CREATE TABLE public."TimeOff" (
    id integer NOT NULL,
    "workerId" integer NOT NULL,
    start timestamp(3) without time zone NOT NULL,
    "end" timestamp(3) without time zone NOT NULL,
    approved boolean
);


ALTER TABLE public."TimeOff" OWNER TO eshop;

--
-- Name: TimeOff_id_seq; Type: SEQUENCE; Schema: public; Owner: eshop
--

CREATE SEQUENCE public."TimeOff_id_seq"
    AS integer
    START WITH 1
    INCREMENT BY 1
    NO MINVALUE
    NO MAXVALUE
    CACHE 1;


ALTER TABLE public."TimeOff_id_seq" OWNER TO eshop;

--
-- Name: TimeOff_id_seq; Type: SEQUENCE OWNED BY; Schema: public; Owner: eshop
--

ALTER SEQUENCE public."TimeOff_id_seq" OWNED BY public."TimeOff".id;


--
-- Name: User; Type: TABLE; Schema: public; Owner: eshop
--

CREATE TABLE public."User" (
    id integer NOT NULL,
    email text NOT NULL,
    password text NOT NULL,
    name text NOT NULL
);


ALTER TABLE public."User" OWNER TO eshop;

--
-- Name: User_id_seq; Type: SEQUENCE; Schema: public; Owner: eshop
--

CREATE SEQUENCE public."User_id_seq"
    AS integer
    START WITH 1
    INCREMENT BY 1
    NO MINVALUE
    NO MAXVALUE
    CACHE 1;


ALTER TABLE public."User_id_seq" OWNER TO eshop;

--
-- Name: User_id_seq; Type: SEQUENCE OWNED BY; Schema: public; Owner: eshop
--

ALTER SEQUENCE public."User_id_seq" OWNED BY public."User".id;


--
-- Name: Worker; Type: TABLE; Schema: public; Owner: eshop
--

CREATE TABLE public."Worker" (
    id integer NOT NULL,
    "firstName" text NOT NULL,
    "lastName" text NOT NULL,
    email text NOT NULL,
    "createdAt" timestamp(3) without time zone DEFAULT CURRENT_TIMESTAMP NOT NULL,
    "updatedAt" timestamp(3) without time zone NOT NULL
);


ALTER TABLE public."Worker" OWNER TO eshop;

--
-- Name: Worker_id_seq; Type: SEQUENCE; Schema: public; Owner: eshop
--

CREATE SEQUENCE public."Worker_id_seq"
    AS integer
    START WITH 1
    INCREMENT BY 1
    NO MINVALUE
    NO MAXVALUE
    CACHE 1;


ALTER TABLE public."Worker_id_seq" OWNER TO eshop;

--
-- Name: Worker_id_seq; Type: SEQUENCE OWNED BY; Schema: public; Owner: eshop
--

ALTER SEQUENCE public."Worker_id_seq" OWNED BY public."Worker".id;


--
-- Name: _ScheduleWorkers; Type: TABLE; Schema: public; Owner: eshop
--

CREATE TABLE public."_ScheduleWorkers" (
    "A" integer NOT NULL,
    "B" integer NOT NULL
);


ALTER TABLE public."_ScheduleWorkers" OWNER TO eshop;

--
-- Name: _prisma_migrations; Type: TABLE; Schema: public; Owner: eshop
--

CREATE TABLE public._prisma_migrations (
    id character varying(36) NOT NULL,
    checksum character varying(64) NOT NULL,
    finished_at timestamp with time zone,
    migration_name character varying(255) NOT NULL,
    logs text,
    rolled_back_at timestamp with time zone,
    started_at timestamp with time zone DEFAULT now() NOT NULL,
    applied_steps_count integer DEFAULT 0 NOT NULL
);


ALTER TABLE public._prisma_migrations OWNER TO eshop;

--
-- Name: Availability id; Type: DEFAULT; Schema: public; Owner: eshop
--

ALTER TABLE ONLY public."Availability" ALTER COLUMN id SET DEFAULT nextval('public."Availability_id_seq"'::regclass);


--
-- Name: Cart id; Type: DEFAULT; Schema: public; Owner: eshop
--

ALTER TABLE ONLY public."Cart" ALTER COLUMN id SET DEFAULT nextval('public."Cart_id_seq"'::regclass);


--
-- Name: CartItem id; Type: DEFAULT; Schema: public; Owner: eshop
--

ALTER TABLE ONLY public."CartItem" ALTER COLUMN id SET DEFAULT nextval('public."CartItem_id_seq"'::regclass);


--
-- Name: Notification id; Type: DEFAULT; Schema: public; Owner: eshop
--

ALTER TABLE ONLY public."Notification" ALTER COLUMN id SET DEFAULT nextval('public."Notification_id_seq"'::regclass);


--
-- Name: Post id; Type: DEFAULT; Schema: public; Owner: eshop
--

ALTER TABLE ONLY public."Post" ALTER COLUMN id SET DEFAULT nextval('public."Post_id_seq"'::regclass);


--
-- Name: Product id; Type: DEFAULT; Schema: public; Owner: eshop
--

ALTER TABLE ONLY public."Product" ALTER COLUMN id SET DEFAULT nextval('public."Product_id_seq"'::regclass);


--
-- Name: Report id; Type: DEFAULT; Schema: public; Owner: eshop
--

ALTER TABLE ONLY public."Report" ALTER COLUMN id SET DEFAULT nextval('public."Report_id_seq"'::regclass);


--
-- Name: Schedule id; Type: DEFAULT; Schema: public; Owner: eshop
--

ALTER TABLE ONLY public."Schedule" ALTER COLUMN id SET DEFAULT nextval('public."Schedule_id_seq"'::regclass);


--
-- Name: Shift id; Type: DEFAULT; Schema: public; Owner: eshop
--

ALTER TABLE ONLY public."Shift" ALTER COLUMN id SET DEFAULT nextval('public."Shift_id_seq"'::regclass);


--
-- Name: TimeOff id; Type: DEFAULT; Schema: public; Owner: eshop
--

ALTER TABLE ONLY public."TimeOff" ALTER COLUMN id SET DEFAULT nextval('public."TimeOff_id_seq"'::regclass);


--
-- Name: User id; Type: DEFAULT; Schema: public; Owner: eshop
--

ALTER TABLE ONLY public."User" ALTER COLUMN id SET DEFAULT nextval('public."User_id_seq"'::regclass);


--
-- Name: Worker id; Type: DEFAULT; Schema: public; Owner: eshop
--

ALTER TABLE ONLY public."Worker" ALTER COLUMN id SET DEFAULT nextval('public."Worker_id_seq"'::regclass);


--
-- Data for Name: Availability; Type: TABLE DATA; Schema: public; Owner: eshop
--

COPY public."Availability" (id, "workerId", start, "end") FROM stdin;
1	1	2023-11-29 21:14:41.722	2024-01-07 06:54:46.979
2	2	2023-12-24 23:51:07.192	2023-12-20 17:25:14.506
3	3	2023-10-11 20:05:09.307	2023-12-10 06:27:59.599
4	4	2023-12-11 09:24:51.517	2023-12-12 15:44:55.39
5	5	2023-12-20 08:23:47.737	2023-05-30 03:54:06.021
6	6	2023-09-13 09:04:29.052	2024-01-02 13:45:04.559
7	7	2023-04-11 19:44:24.406	2023-08-08 10:01:18.983
8	8	2023-06-24 16:25:33.344	2023-08-19 11:11:20.618
9	9	2023-07-25 08:05:36.984	2023-12-27 04:12:36.853
10	10	2023-11-22 04:20:03.674	2023-07-03 17:41:41.832
\.


--
-- Data for Name: Cart; Type: TABLE DATA; Schema: public; Owner: eshop
--

COPY public."Cart" (id, "userId") FROM stdin;
1	23
2	24
3	25
4	26
5	27
6	30
7	31
8	32
9	33
10	34
11	35
12	36
13	37
14	38
15	39
\.


--
-- Data for Name: CartItem; Type: TABLE DATA; Schema: public; Owner: eshop
--

COPY public."CartItem" (id, "cartId", "productId", quantity) FROM stdin;
1	1	8	2
2	2	7	5
3	3	1	4
4	3	9	9
5	3	5	8
6	3	4	6
7	4	4	5
8	4	8	9
9	5	3	8
10	6	18	9
11	6	11	10
12	7	15	9
13	7	13	5
14	7	19	6
15	7	15	4
16	8	16	8
17	8	16	1
18	9	19	1
19	10	12	4
20	10	13	9
21	11	30	10
22	11	22	7
23	12	27	1
24	12	25	9
25	13	24	4
26	13	27	7
27	14	28	1
28	14	24	8
29	14	26	2
30	15	24	8
\.


--
-- Data for Name: Notification; Type: TABLE DATA; Schema: public; Owner: eshop
--

COPY public."Notification" (id, "scheduleId", content, "createdAt") FROM stdin;
2	2	Quos deleniti debitis nostrum.	2023-04-01 00:58:27.102
3	3	Ut voluptatem iure.	2023-04-01 00:58:27.16
4	4	Placeat sint voluptates reprehenderit.	2023-04-01 00:58:27.219
5	5	Nemo incidunt enim excepturi iure est in similique.	2023-04-01 00:58:27.285
6	6	Est qui voluptas ullam nemo qui.	2023-04-01 00:58:27.344
7	7	Dolor laborum tempore accusantium amet.	2023-04-01 00:58:27.402
8	8	Ipsa sed et nesciunt ipsum.	2023-04-01 00:58:27.461
9	9	Eligendi temporibus est autem nam non.	2023-04-01 00:58:27.552
10	10	Dolorem nostrum illo odit aut.	2023-04-01 00:58:27.61
\.


--
-- Data for Name: Post; Type: TABLE DATA; Schema: public; Owner: eshop
--

COPY public."Post" (id, title, content, "userId", published) FROM stdin;
1	fart	fart	14	f
2	Check out Prisma with Next.js	https://www.prisma.io/nextjs	16	t
3	Follow Prisma on Twitter	https://twitter.com/prisma	17	t
4	Follow Nexus on Twitter	https://twitter.com/nexusgql	17	t
5	Id rerum quaerat necessitatibus quae inventore est iste est.	Autem fuga consequatur amet similique nihil aut quia ut impedit. Dignissimos itaque quo et qui voluptates. Non nam consectetur eum sed voluptatem ea nobis nobis. Sapiente tempora sit et illum est est facere dicta in.	27	f
6	A voluptates et voluptate rerum autem corporis tempore est.	Nisi sed aut illo quasi libero qui consequuntur. Ab eveniet officiis maiores ea expedita. Qui sequi et veniam dignissimos iure velit. Iste aperiam vero qui. Esse rem excepturi reiciendis fuga. Eos et consequuntur.	26	f
7	Quia saepe fugiat culpa iusto.	Quisquam placeat et magni possimus impedit ullam delectus. Ex aut praesentium architecto et similique est asperiores omnis ipsam. Veniam exercitationem voluptas natus autem placeat. Animi molestiae placeat esse. Dolorem cupiditate cum.	26	t
8	Explicabo molestiae quam nemo autem similique vero debitis qui iusto.	Qui est velit excepturi est amet. Nisi ipsam nihil eum. Sed molestiae eos neque beatae ea.	26	t
9	Nisi animi consequatur consequuntur occaecati.	Beatae dolor qui. Ratione saepe est dolore eum. Occaecati autem maxime.	26	f
10	Nostrum nemo sunt non molestiae in.	Sed neque rerum et magnam nihil qui rerum inventore cum. Ad voluptas repudiandae molestiae quae aut est quaerat corporis omnis. Vel adipisci et aut. Sit corrupti accusantium quisquam.	24	f
11	Voluptas dolor eos nobis.	Temporibus at qui dolor architecto quia. Reiciendis quaerat et repellendus similique. Et consequatur et natus sapiente voluptas expedita ullam odit et. Non repellendus expedita aut inventore quam.	24	t
12	Omnis iusto explicabo dolore blanditiis.	Aut voluptatem sunt temporibus quia unde in. Voluptatum et rerum minima. Quos exercitationem error sit qui sit qui eos. In beatae dolores occaecati consequuntur velit enim voluptatum est. Beatae voluptatem ab saepe eum. Corrupti dolores sapiente aliquam.	24	t
13	Est ut ullam reiciendis laborum nam a perferendis quod harum.	Facilis amet saepe quisquam. Maxime veritatis ducimus accusamus mollitia doloremque non dignissimos. Explicabo officia ut ut ipsa in vitae. Et et voluptas dignissimos quia dolorem corporis voluptas commodi assumenda. Nobis et aut error adipisci aspernatur assumenda repellat et sunt.	24	f
14	Distinctio facilis omnis iusto optio sed et hic delectus.	Ducimus possimus velit. Eos nisi eum quod dicta et mollitia hic incidunt ratione. Corrupti totam voluptatem ipsa aliquid officiis. Odio ut expedita aut perferendis assumenda optio est eius blanditiis.	26	t
15	Architecto minima doloribus ipsum magni.	Vel fugit numquam odio. Est recusandae quam reprehenderit deserunt et aut laudantium a et. Qui culpa consequatur. Et reprehenderit sunt ut omnis sit nobis voluptatibus harum qui. Molestiae voluptas et eos porro voluptas. Iste et consequatur id fugiat et ea corrupti vel.	26	f
16	Eaque officiis eum error iure beatae ullam quaerat sed odio.	Quo similique porro ipsam fuga voluptas totam. Aut excepturi animi voluptatum. Dolor aspernatur praesentium blanditiis aut. Aliquam veniam id beatae et laboriosam est ex. Molestiae officiis recusandae fugiat facere qui sed omnis ad velit. Laboriosam itaque quos.	26	f
17	Voluptatum debitis rerum perferendis.	A reiciendis quaerat omnis sapiente consequatur et eos. Aut eos facere reprehenderit vel aliquid sed quasi. In voluptates nulla molestiae sed eius accusantium eligendi inventore deleniti. Fugit nihil explicabo.	23	f
18	Quia exercitationem numquam sint et illo aut.	Officiis rerum odio vel et esse illo ut consequatur. Quisquam dolor sit consequuntur occaecati ab qui itaque eum. Ut sed qui deleniti et quae nesciunt praesentium consequuntur nesciunt. Dolorem voluptates voluptate sed est. In et mollitia ex.	24	t
19	Sunt fugit dolorem nostrum.	Quas accusantium ea corrupti magnam. Eveniet blanditiis repellat eos aut sint aperiam. Tempore provident fugit. Et aspernatur fugit exercitationem. Et et tenetur. Inventore voluptatem nemo ex sint qui.	23	f
20	Autem quo et.	Amet debitis et rerum aut assumenda labore dolores. Reprehenderit voluptatem sapiente id rerum iure omnis. Sit porro rerum dolore temporibus aut recusandae commodi eos.	26	f
21	Molestias fugiat nihil et iste consequatur.	Sit perspiciatis ratione aut. Et cumque labore in ex quia impedit ducimus. Provident rerum voluptatibus aut animi sunt non qui dolor neque. Occaecati dolorem id et ab. Dolorem sit dolorem non nam voluptatem voluptatem veniam.	25	f
22	Nam et inventore optio et officia.	Consequuntur autem labore at sunt qui rerum optio eum. Et quam sunt error sequi. Itaque aut voluptates sit mollitia. Quo et eos et et aperiam. Vel non voluptas quos cupiditate veritatis doloribus fuga modi. Asperiores numquam esse ut libero consectetur maiores aspernatur aut.	26	t
23	Et neque sapiente aliquam accusamus.	Quis ut deleniti accusantium quasi ipsam. Animi sunt laboriosam consectetur pariatur. Nihil natus ea velit. Excepturi fuga quos delectus rerum aliquam dolor. Consequatur dolore ipsam est nam velit. Iure voluptas mollitia odit voluptatem harum.	24	t
24	Voluptatem ut occaecati eaque sapiente ducimus magni distinctio ea repellendus.	Ratione magnam eaque enim in. Quo ipsam vel ut et harum quia tempora. Animi porro atque voluptas numquam non aut. Quis nam quia tenetur fugit error. Ratione qui et inventore voluptatem dolorum eveniet enim libero. Sit incidunt tempora ut distinctio.	24	f
25	Tempore velit laboriosam possimus aut ex non nam a eum.	A sit laudantium numquam non. Culpa ex in non. Consequatur consequatur inventore illum voluptas ipsam consectetur reiciendis excepturi voluptates.	31	f
26	Quod perferendis iusto cupiditate quibusdam deserunt repudiandae alias sed voluptate.	Nobis quis accusantium libero et. Placeat commodi accusamus eos odio. Error adipisci optio. Libero qui ipsum doloribus fugiat et in. Ipsum vitae repellendus. Repellat vel harum.	34	t
27	Non qui sunt nihil voluptatem consequatur rerum quis.	Odio nesciunt et pariatur voluptatum est hic alias error praesentium. Cupiditate atque molestiae nemo laborum velit porro error voluptatem quisquam. Velit dolor culpa magnam omnis non. Qui sit quibusdam. Amet facere qui temporibus placeat modi dolores. Quaerat in minus.	30	f
28	Natus enim et iure sit et eum qui eos ratione.	Tenetur qui vitae placeat aliquid assumenda alias id sit. Sit adipisci itaque eos natus nisi blanditiis perferendis. Nulla officia et ut dolores fugiat.	30	t
29	Autem magnam earum fuga quos harum corporis corporis qui.	Natus veritatis ex sit eum sit voluptatibus earum. Deleniti ipsam aut. Ex atque illum doloremque molestiae provident saepe ut aliquid. Voluptas maiores veniam non saepe. Inventore tempore alias quia vero minima fuga vel minus.	32	f
30	Reiciendis aut ipsam qui aliquid voluptas laudantium qui vel quia.	Et sequi iste non possimus ea ut odit. Eum ipsum blanditiis doloremque sint fuga doloremque porro. Nostrum qui et aut doloremque est ut cupiditate eveniet quis. Magni deserunt aut consequuntur.	33	t
31	Eum numquam totam ut sit consequatur quo eius molestias.	Ab vero velit non quidem animi iusto voluptas ea fugiat. Qui doloribus minima quis cum nam nobis. Explicabo commodi delectus. Aperiam voluptas voluptatem quis. Qui quae dolorem repudiandae consequatur praesentium ullam architecto officia est. Explicabo qui quia quasi et velit.	34	t
32	Maiores quos impedit quam at.	Molestiae dolores ut magnam ut possimus sed ad omnis in. Dignissimos hic saepe. Omnis quisquam error et consequuntur. Cum nesciunt consequatur quidem sit sunt error aut. Recusandae possimus commodi. Ratione nam quo aut itaque suscipit fugit.	34	f
33	Possimus id id sint.	Dolorem a aliquam quisquam maiores fugit nihil adipisci quibusdam. Ad recusandae repudiandae aut dolor neque eos voluptas eveniet dolore. Voluptate odit quia praesentium totam nobis aut.	33	f
34	Unde id id ullam maxime nulla.	Qui quidem ea totam necessitatibus laboriosam placeat nostrum est. Est et nam sequi odio. Sed cupiditate ratione voluptatem laborum rerum assumenda voluptatum quidem. Maiores quia minus excepturi molestiae eum ea. Voluptas eveniet maxime corrupti aut et eos ut voluptatem. Voluptas voluptatum dicta ad temporibus molestiae.	32	t
35	Minus voluptas ut nihil maxime officia harum distinctio est.	Et sed eum voluptatem fugit ratione velit. Ad atque omnis hic placeat debitis ut. Sint ea aliquid aut aut. Odio beatae vel dolorem non.	30	f
36	Dolor minima a atque sit.	Porro laboriosam inventore neque non quia voluptatibus praesentium. Dolores est molestias at reprehenderit. Omnis inventore hic sapiente animi. Dolor incidunt delectus. Autem nam similique.	32	t
37	Voluptas non aut eius sed in quae voluptas et et.	Laborum qui accusamus. Quidem optio saepe nihil veniam quia vitae ducimus voluptatibus. Iure totam eaque velit perspiciatis consequatur et sunt.	33	f
38	Quis iusto aperiam in quia quos et.	Et dolore dolores. Ut aut similique sint est ipsa unde atque et doloremque. Vero sit error. Dolorum maxime sunt aut voluptatibus deserunt ut est nemo.	32	t
39	Sint nesciunt eligendi minus et praesentium autem.	Quam aliquid voluptate rerum autem voluptates qui cupiditate unde. Sed minus nobis quam id vitae autem. Repudiandae est sed. Suscipit error molestiae deleniti aut ut eius officiis. Consequuntur ipsum maxime recusandae in.	32	f
40	Id amet quam esse.	Sed optio dolorum est voluptatem. Eos eius sit labore est velit. Omnis soluta sapiente est doloribus at nihil facere qui sint.	34	f
41	Ducimus voluptas nobis assumenda.	Molestiae tempora qui nesciunt consequuntur. Alias est qui voluptatibus quasi eaque deleniti. Ratione porro unde ut est maiores dolorem. Omnis sed nihil omnis velit ullam autem. Eos dolore sequi sed. Dicta delectus laboriosam exercitationem impedit quia vitae dolorum.	32	f
42	Sit sed velit id mollitia quae.	Velit quas cumque. Dicta adipisci reprehenderit perspiciatis assumenda neque blanditiis culpa eos omnis. Dolor totam fugiat sequi non. Adipisci dolore eum totam maiores libero molestias voluptatem. Expedita molestiae ipsum sunt et iure sint ab officiis.	32	t
43	Est voluptas nihil voluptates et non.	Culpa quia aliquid officiis reprehenderit reiciendis voluptatem similique et. Nesciunt quae voluptate reprehenderit. Expedita aut quae qui minima nobis accusantium commodi dicta. Iste hic quis repellendus ea et dolor suscipit. Quaerat suscipit aut dignissimos aut aut repellat ipsam dignissimos.	32	t
44	Voluptate natus aspernatur quisquam laboriosam sit aut minus labore magni.	Velit perferendis quas est minus qui consequatur fugit possimus. Et et fugiat. Maiores placeat officia cumque voluptatem earum hic. Nihil reprehenderit fuga explicabo.	31	f
45	Consequuntur laudantium non debitis et nesciunt id aut.	Quia cumque a cum pariatur. Facere non nisi eos sunt doloremque culpa consequatur. Asperiores quis porro id enim rerum laudantium vel occaecati ipsa. Minus esse ratione exercitationem molestias. Consequatur magni sint molestiae velit at et.	36	t
46	Enim ipsam porro quasi voluptates suscipit sed corrupti.	Harum qui qui similique voluptatem voluptatem exercitationem iusto totam distinctio. Mollitia est nisi itaque aut officiis ut dolor. Aperiam amet nostrum natus sit. Id saepe velit. Et dicta et repellat amet et ipsum asperiores sunt. Non ut facilis aliquam consequatur enim est eius quo a.	37	f
47	Qui nulla sed praesentium voluptatem iusto.	Amet rem et atque. Quis quos doloremque dicta voluptas corporis aut. Necessitatibus veniam molestias occaecati. Eos aut nobis veniam omnis neque.	38	t
48	Fugiat aut dolor ut voluptas.	Ut alias sed qui a est. Facere eum molestiae. Necessitatibus veritatis eum sed rerum dolor. Accusantium ea aut ad temporibus quos. Corporis aut nostrum est laudantium iure laboriosam consequatur ex dicta.	39	f
49	Earum qui et voluptatibus neque eos autem.	Harum sunt eius laudantium sit pariatur quaerat reprehenderit. Ab aut rerum sint dolor. Sint non quibusdam aut tempora reprehenderit ut aut quas sit. Aut et repudiandae cupiditate quia qui sint ab dolores.	39	t
50	Et aliquid rem et quasi quis impedit.	Molestias voluptatum et. Sed iure rerum delectus eveniet. Vitae id tempore illo repellendus laborum. Ea necessitatibus consectetur sunt aut autem nisi quia.	36	f
51	Est optio doloribus laboriosam ipsa.	Vel placeat est. Aut facilis numquam consequuntur consequuntur eum non. Iure voluptatem qui similique. Dolorum aut quas incidunt. Et reiciendis minus sapiente qui sunt.	38	t
52	Neque aliquid qui voluptatem repellendus.	Neque sit aut enim a ut. Ut quo exercitationem molestias voluptatum esse qui enim est. Quibusdam minus perspiciatis quod. Recusandae voluptatem est ea ipsa. Laboriosam eveniet id dolorem. Velit earum in sed voluptas ullam nihil aut.	39	f
53	Et vel aspernatur.	Vero ut deleniti modi recusandae. Sit temporibus quia. Voluptatem nihil aut ipsum et provident et non enim cumque. Corporis ullam maiores ea omnis ducimus eum. Et et non officiis.	37	f
54	Aut atque numquam iste non itaque quibusdam enim.	Itaque voluptas similique hic sapiente totam voluptas. Necessitatibus eaque illum quidem maxime assumenda adipisci non autem recusandae. Esse explicabo vitae hic recusandae.	38	f
55	Quasi unde totam explicabo ullam et asperiores magnam rerum velit.	Debitis beatae quidem porro. Nesciunt et cupiditate placeat voluptatibus molestias qui non. Beatae aperiam ipsum dolorum consectetur voluptas.	35	t
56	Vitae veritatis quia pariatur.	Quia porro et quae doloribus ut. Eum praesentium quam magnam minima. Facilis quos tempore et error a voluptatem nihil enim. Delectus ut at alias ad ex voluptas non vel. Nihil reiciendis quis dolor non facere voluptatem architecto. Est excepturi error.	37	t
57	Suscipit voluptates labore ipsa voluptatem et cupiditate.	Qui quidem assumenda qui fugiat soluta esse. Maxime illum aut dignissimos voluptatem consectetur quisquam accusantium. Maiores dolorem laborum eum. Modi voluptatem rerum odio odit placeat et rerum ab deserunt. Unde nostrum suscipit modi fugit cum amet sequi.	38	f
58	Nihil minima et rerum quia saepe quia non et corporis.	In suscipit et explicabo quas distinctio. Quisquam sit officia. Eligendi ad eum incidunt. Dolorem non id voluptas nam odio itaque sed. Nostrum iste similique aut architecto animi. Id sequi eligendi ipsa non odit.	36	f
59	Perferendis at officiis sunt nam et est.	Nemo odio inventore quo accusantium illo quis odio. Dolores accusantium consequatur tenetur reiciendis aliquam dolore explicabo aut molestias. Voluptatem voluptatem et. Et ducimus quis iste consequuntur consequatur aut sit in omnis.	36	f
60	Et nemo cum ipsum.	Doloremque veritatis neque vero recusandae enim eos ea. Voluptatem ipsam debitis dolor facilis esse molestiae. Ad velit sunt. Magni eius ea asperiores.	37	f
61	Consequatur veniam cupiditate et aperiam rerum ex et cum non.	Ratione quod ea. Earum et iure ut dolor cupiditate. Quia minus velit. Dolorem distinctio est sit in aut.	37	f
62	Doloribus pariatur at pariatur repudiandae earum necessitatibus.	Sunt suscipit et maxime vitae ullam voluptatibus qui. Inventore et deleniti error qui vel vel et odit. Aliquid fugit quos natus a maxime facilis corrupti distinctio. Veniam vel enim et eos mollitia ut consequatur quas ipsum. Rerum vel cumque adipisci. Ut aut in optio quibusdam ullam.	39	t
63	Sed fugit pariatur magni exercitationem rerum voluptas quaerat nihil voluptate.	Id quas reprehenderit qui et delectus mollitia earum et. Voluptas inventore dicta molestias laborum nesciunt rem blanditiis quia. Dignissimos quod vitae autem debitis. Soluta necessitatibus maxime quia aliquam eligendi amet incidunt at.	35	f
64	Accusamus doloremque molestias.	Commodi et quos et perferendis voluptas reprehenderit. Aperiam minima cumque omnis. Officia cupiditate soluta autem optio omnis quam fuga. Quisquam consequatur id quae rem asperiores consequatur sunt ullam.	35	t
\.


--
-- Data for Name: Product; Type: TABLE DATA; Schema: public; Owner: eshop
--

COPY public."Product" (id, name, price, description, image) FROM stdin;
1	Rustic Granite Chips	289.00	In rerum aut non qui vel itaque incidunt. Odio quo velit asperiores sed beatae molestias harum ex eos. Tenetur quis ratione aperiam quia aliquid maxime in facilis sunt.	http://placeimg.com/640/480
2	Awesome Steel Chicken	80.00	Numquam voluptatem adipisci quasi. Est est sequi.	http://placeimg.com/640/480
3	Small Frozen Shirt	870.00	Ea molestiae non illo et deserunt quisquam ab pariatur. Dolores esse magni dignissimos nihil qui quia sunt adipisci nostrum. Accusantium laborum ducimus eos corporis. Laborum a repellat et. Totam et dicta at dolore aut itaque. Consequatur excepturi possimus eligendi fuga culpa.	http://placeimg.com/640/480
4	Handmade Steel Salad	623.00	Cumque dolores voluptates. Quisquam ea dolores. Dolores dolores ea eos. Enim tenetur voluptatem voluptas sint accusantium laudantium ab. Adipisci ut reiciendis consequuntur.	http://placeimg.com/640/480
5	Refined Concrete Keyboard	410.00	Ut veritatis quia quos autem animi. Laudantium tenetur est odio enim quia qui dolorum.	http://placeimg.com/640/480
6	Tasty Rubber Gloves	46.00	Sed illo qui accusamus consequatur ut sed ipsam eum doloribus. Amet doloremque est in aut. Sed et saepe consequatur non corporis qui. Atque eaque explicabo.	http://placeimg.com/640/480
7	Sleek Plastic Bacon	196.00	Autem ipsam asperiores maxime et velit laudantium cum repellat. Qui sapiente accusantium consequatur alias similique suscipit iusto maxime. Ducimus atque expedita quo ratione vel iure blanditiis praesentium. Provident tempora ab error accusantium magni aliquid dolorum natus.	http://placeimg.com/640/480
8	Unbranded Frozen Pizza	927.00	Similique aperiam impedit dolor reiciendis recusandae vitae. Numquam dolor itaque dolores unde.	http://placeimg.com/640/480
9	Handcrafted Rubber Chips	672.00	Quia deleniti fugiat eaque quisquam. Tenetur atque velit nemo. Voluptatem maiores aut quisquam culpa placeat rerum ut.	http://placeimg.com/640/480
10	Handmade Concrete Tuna	441.00	Cum iste sed quia officia magnam tenetur perferendis dolorem. Nulla deleniti quis autem neque at aut.	http://placeimg.com/640/480
11	Licensed Steel Soap	575.00	Modi quae aliquam culpa impedit perspiciatis accusamus pariatur provident. Voluptatem sequi repellendus et ipsa temporibus tempore et vel. Quos sequi quidem facere ut molestias. Dolore adipisci iure ab in minima non. Expedita laboriosam nam sint consequatur laboriosam beatae aut. Asperiores beatae qui aut aut officia velit qui.	http://placeimg.com/640/480
12	Gorgeous Wooden Bike	149.00	Necessitatibus rerum omnis aut suscipit consequatur aut voluptatem quia praesentium. Beatae animi dignissimos pariatur animi omnis occaecati. Cumque temporibus aspernatur provident et quas facilis rerum veniam. Atque provident libero omnis maiores ut sit asperiores. Inventore sed nisi voluptatibus sed temporibus.	http://placeimg.com/640/480
13	Intelligent Granite Keyboard	126.00	Voluptas et in. Sed sint veniam labore. Voluptatem blanditiis soluta iste accusamus aut est.	http://placeimg.com/640/480
14	Sleek Soft Tuna	772.00	Harum pariatur maiores possimus libero porro. Consectetur ut nostrum. Enim nihil rerum error dolore autem deleniti incidunt cumque. Ut id est doloribus facilis consequatur omnis ut non architecto.	http://placeimg.com/640/480
15	Generic Metal Chicken	688.00	Voluptatem magnam dicta autem sint. Ut quidem quam magni velit blanditiis nesciunt omnis ea. Ad eos facilis exercitationem voluptatem qui iste dolore excepturi. Ea quibusdam voluptates iure non voluptatem inventore reiciendis laudantium. Enim aspernatur cupiditate.	http://placeimg.com/640/480
16	Ergonomic Frozen Bike	889.00	Perspiciatis autem quod eos facilis numquam labore et. Qui dolorem dolores esse quod voluptatum sint. Impedit quia aut dolores ipsum consequatur rerum optio pariatur maxime. Reprehenderit et a placeat beatae dolorem eaque sed. Reprehenderit dolor impedit nobis. Voluptas inventore ducimus velit nemo sunt harum nesciunt ullam totam.	http://placeimg.com/640/480
17	Gorgeous Rubber Pants	882.00	Quisquam accusamus tempora natus quia fuga rerum ullam. Enim id accusamus nihil accusamus labore.	http://placeimg.com/640/480
18	Awesome Rubber Chips	556.00	Voluptas veniam nemo ullam quibusdam. Est at natus. Quo eligendi provident ea commodi odit. Iure nihil et optio quasi sed veritatis. Labore voluptatem et nemo.	http://placeimg.com/640/480
19	Tasty Cotton Sausages	409.00	Ex temporibus harum. Natus eligendi nulla id aliquam ea ea officia libero. Non suscipit amet culpa minus. Atque alias veniam mollitia in ipsum rerum est. Ea molestiae voluptatibus eligendi et voluptatibus quos nemo qui. Perspiciatis aliquam architecto est saepe labore unde adipisci cum.	http://placeimg.com/640/480
20	Awesome Metal Towels	232.00	Consequatur dicta et aut omnis necessitatibus voluptate. Dolores totam aut dolores et quia. Provident voluptatem id.	http://placeimg.com/640/480
21	Rustic Granite Tuna	997.00	Voluptas at debitis vel non cum sapiente. Sit mollitia rem neque aut quae vero ea.	http://placeimg.com/640/480
22	Tasty Frozen Ball	614.00	Neque eveniet dolore sed. Commodi ea quod. Illum molestias quasi qui laborum ex ut sapiente distinctio at. Quis impedit dolor dolor debitis natus non qui. Quia sed deserunt.	http://placeimg.com/640/480
23	Incredible Plastic Car	94.00	Porro ea quibusdam vel molestiae a rem. Veniam dignissimos quasi quam consequatur voluptatem vel aut at quia.	http://placeimg.com/640/480
24	Intelligent Metal Salad	616.00	Optio aperiam quisquam quis officiis. Consequatur velit ducimus eos. Velit in unde illo quaerat et tenetur error ut dignissimos. Libero aperiam atque dolores eius. Recusandae qui aperiam quia velit.	http://placeimg.com/640/480
25	Refined Rubber Car	289.00	Sapiente corporis error sint. Sed et voluptas et quo voluptas.	http://placeimg.com/640/480
26	Rustic Cotton Hat	404.00	In quia tenetur voluptates error repellendus occaecati ex voluptas magnam. Voluptatem dolores qui in recusandae quas laboriosam. Voluptate sequi numquam molestiae.	http://placeimg.com/640/480
27	Sleek Plastic Soap	729.00	Delectus ipsa ipsa repudiandae ullam. Qui voluptatem sed quo. Fuga aut id deserunt qui nostrum sint consectetur molestiae. Id eos voluptatem architecto id eius eveniet.	http://placeimg.com/640/480
28	Gorgeous Soft Mouse	226.00	Facere unde delectus eum sit alias reiciendis ipsa aut et. Quia reiciendis earum ut ut ad qui autem voluptas repellendus. In fugiat minima quos dolorem hic ex. Eius iure velit commodi magnam illo aut ullam adipisci. Fuga molestiae qui. Doloremque quia sunt ducimus autem illo.	http://placeimg.com/640/480
29	Small Steel Computer	897.00	Quis libero tenetur iure blanditiis sed quos. Praesentium reprehenderit omnis quibusdam quas. Placeat asperiores fugit quo culpa blanditiis et modi omnis. Commodi in autem inventore.	http://placeimg.com/640/480
30	Incredible Frozen Bike	653.00	Temporibus incidunt quia vero qui. Aut corrupti quos quia provident id.	http://placeimg.com/640/480
\.


--
-- Data for Name: Report; Type: TABLE DATA; Schema: public; Owner: eshop
--

COPY public."Report" (id, "scheduleId", type, data, "createdAt") FROM stdin;
2	2	Security	{"example": "Et omnis quam ut voluptas omnis in ipsa."}	2023-04-01 00:58:27.111
3	3	withdrawal	{"example": "Mollitia ratione dolores praesentium ut iusto occaecati porro."}	2023-04-01 00:58:27.169
4	4	Senior	{"example": "Maiores est aut voluptatem maiores rerum sint deleniti provident."}	2023-04-01 00:58:27.228
5	5	Central	{"example": "Hic et iusto omnis quia hic maxime."}	2023-04-01 00:58:27.294
6	6	Brand	{"example": "Nihil dignissimos optio consequatur earum."}	2023-04-01 00:58:27.352
7	7	Polarised	{"example": "Vel ipsam et."}	2023-04-01 00:58:27.411
8	8	mint	{"example": "Est eos voluptates sed quaerat velit ut quas sed."}	2023-04-01 00:58:27.469
9	9	backing	{"example": "Autem totam dolores aut voluptatem esse at."}	2023-04-01 00:58:27.561
10	10	Investor	{"example": "Eos ratione deleniti eius est quos eius consequatur ipsam."}	2023-04-01 00:58:27.619
\.


--
-- Data for Name: Schedule; Type: TABLE DATA; Schema: public; Owner: eshop
--

COPY public."Schedule" (id, "createdAt", "updatedAt", "startDate", "endDate") FROM stdin;
2	2023-04-01 00:58:27.069	2023-04-01 00:58:27.069	2023-11-06 01:13:16.711	2023-05-23 01:44:13.444
3	2023-04-01 00:58:27.127	2023-04-01 00:58:27.127	2023-04-09 23:55:55.022	2024-03-07 12:38:21.974
4	2023-04-01 00:58:27.185	2023-04-01 00:58:27.185	2024-02-18 08:02:12.107	2023-04-26 17:43:28.706
5	2023-04-01 00:58:27.244	2023-04-01 00:58:27.244	2023-04-20 16:46:47.348	2024-01-11 21:23:32.546
6	2023-04-01 00:58:27.31	2023-04-01 00:58:27.31	2023-08-08 21:25:00.396	2024-03-03 02:03:24.415
7	2023-04-01 00:58:27.369	2023-04-01 00:58:27.369	2023-07-14 15:51:14.021	2023-11-07 05:58:08.434
8	2023-04-01 00:58:27.427	2023-04-01 00:58:27.427	2023-06-30 16:54:06.686	2023-11-13 20:02:18.207
9	2023-04-01 00:58:27.485	2023-04-01 00:58:27.485	2023-05-13 17:58:37.837	2023-12-11 11:59:37.927
10	2023-04-01 00:58:27.577	2023-04-01 00:58:27.577	2024-01-24 05:47:15.935	2023-08-26 17:08:37.674
\.


--
-- Data for Name: Shift; Type: TABLE DATA; Schema: public; Owner: eshop
--

COPY public."Shift" (id, "scheduleId", "workerId", start, "end") FROM stdin;
2	2	2	2024-02-13 04:00:35.81	2023-09-26 07:02:54.608
3	3	3	2024-03-24 05:32:04.045	2023-05-09 20:09:51.887
4	4	4	2024-01-21 07:59:36.988	2023-04-26 00:10:49.507
5	5	5	2023-10-10 03:12:30.37	2023-08-08 23:38:43.724
6	6	6	2023-04-03 01:31:35.958	2023-05-18 05:40:35.825
7	7	7	2023-09-25 04:07:17.332	2023-10-02 04:28:36.144
8	8	8	2023-10-18 19:13:49.559	2023-06-22 04:46:43.951
9	9	9	2024-03-27 02:48:46.279	2023-05-12 20:05:15.062
10	10	10	2023-04-05 07:38:44.136	2023-08-19 08:47:29.574
\.


--
-- Data for Name: TimeOff; Type: TABLE DATA; Schema: public; Owner: eshop
--

COPY public."TimeOff" (id, "workerId", start, "end", approved) FROM stdin;
1	1	2023-08-15 12:38:24.725	2023-11-01 09:18:59.364	f
2	2	2023-10-19 05:52:09.895	2024-02-28 22:53:27.833	t
3	3	2023-09-07 00:42:43.255	2023-07-18 08:29:02.618	t
4	4	2023-11-06 04:52:35.6	2023-10-08 06:24:05.995	t
5	5	2023-10-10 06:40:05.599	2023-09-29 04:40:33.14	t
6	6	2023-06-07 13:34:12.753	2023-06-04 22:34:41.15	f
7	7	2023-04-02 17:43:23.698	2023-08-20 02:40:35.956	t
8	8	2023-08-03 14:24:28.068	2023-04-30 10:29:55.069	t
9	9	2023-07-05 07:39:58.038	2023-07-05 05:47:37.653	f
10	10	2023-04-15 21:01:19.097	2023-05-19 09:04:14.407	t
\.


--
-- Data for Name: User; Type: TABLE DATA; Schema: public; Owner: eshop
--

COPY public."User" (id, email, password, name) FROM stdin;
1	test_user@example.com	$2b$10$YwLEqpqaQuQQQRDqjcAhoOeKCb4TkZbZG5VD/WHlDf3Ff8GOigYNO	test_user
14	adf@asdf.com	asdfasdfasdfsadf	asdf
16	alice@prisma.io	password	Alice
17	bob@prisma.io	password	Bob
18	Jules_Bosco38@gmail.com	XEVmy0inzULSFpr	Gretchen Stark IV
19	Winona.Wehner9@hotmail.com	aKRb1nDqHhWLK_F	Ross Sawayn
20	Gerard.Senger@gmail.com	B6TRikzrkuZ3JkD	Darrel Keeling
21	Conor90@gmail.com	BRKefmOFpouidpj	Gilberto Deckow
22	Tanya.Bailey71@gmail.com	cEI3Yk3o0gNsKXL	Timmy Weber
23	Judy22@hotmail.com	bhmeqO5hgdMhbA4	Mabel DuBuque
24	Rae.Lind47@hotmail.com	1XVCKTuYIH5ELTm	Mrs. Delia Torp
25	Dewayne48@yahoo.com	4FDi1ysUt99UcbV	Troy Ratke V
26	Chester94@yahoo.com	5p_fTKdDlig66i4	Emma Cremin
27	Stella13@yahoo.com	I9RPS8VEPzYLZTK	Carlton Wilkinson
28	blake@postgres.com	$2a$10$a8HLEv9iX.gmVFT1HHYYoOMbKNb3SGq2k50E8jzvqyD5Shzf.WiyC	donpastrami
29	bdfdillfart@hotmail.com	$2a$10$uiUo.kPtwW2TbqgU5Ki4SO..9cDxHOm9QDlhWujrMW35JEnL42A1W	rfdsggdfgfgr
30	Thea_Hand@hotmail.com	EP7G6KwZfTA85DL	Patsy Orn
31	Estefania.Hegmann46@yahoo.com	B_C2mZtSw9iKXbQ	Leland Deckow
32	Alphonso.Kihn@gmail.com	Tt2_NEYY1JZkVPs	Willis Ratke
33	Conner.Breitenberg99@gmail.com	0xjwZY3fVCOPUEn	Mrs. Anita Rippin
34	Erling.Rempel91@gmail.com	bR2Q61rzlJvDmiD	Ms. Celia Schinner
35	Muriel3@gmail.com	Lssvi5_cAvxHM7H	Ginger Friesen
36	Ola73@hotmail.com	HwsZ2dbkUnZtkXK	Miss Tom Bogan
37	Maci.Metz@hotmail.com	0EDzk2oK984uhMg	Frankie Sipes
38	Forest.Medhurst32@hotmail.com	v90HvN5CWF1ZFOc	Amelia Sporer
39	Marisa_Yost80@yahoo.com	lTp4qWJTxXjxkyn	Mrs. Eddie Mueller
40	Ludwig.Keebler@yahoo.com	XaBeH5PfegYKD0z	Lorena Kohler
41	Reba_Skiles@yahoo.com	L3yixK_uPRE6lPB	Dandre Ortiz
42	Maegan.Windler9@yahoo.com	MvhNT42k1FQ8Y8p	Payton Reichert
43	Nicholaus42@hotmail.com	XVOrcpCBBptchJ2	Gwen Stamm
44	Yasmin89@yahoo.com	qUIeidjNX4ift1Y	Rodolfo Swift
45	Edwardo74@hotmail.com	U1K5nIipYIhwqxO	Jazmin Wuckert
46	Anibal_Kshlerin@gmail.com	atplOBJlz4_nr8G	Chanel Goldner
47	Stephany_Shanahan@hotmail.com	iyDuwGgCBlNcXEG	Elton Cummings
48	Dan.Rogahn56@hotmail.com	74Gspf5y8xeX7fO	Tate Nolan
49	Merritt.Thompson@gmail.com	2o9EPs7m3zyQMOb	Clint Will
50	Garry_Legros@gmail.com	1BF5DlGzBjZA1bR	Darrel Lindgren
51	Antwan50@yahoo.com	exz3iPW8A0J6tn_	Fredrick Ferry
52	Chester.Schiller@hotmail.com	OTwJ89Yav0BrOX5	Rebekah Denesik
53	Kacey_King@yahoo.com	GjqSgm6x6UWTztf	Angus Dietrich
54	Zula50@hotmail.com	PrVXcLYmxgFmfMG	Jana Swift
55	Karianne66@yahoo.com	azh9xN15WkcmcXP	Keshawn Gerhold
56	Elisa_Beer53@gmail.com	1TKdNehGIl9z35L	Lysanne Hagenes
57	Maude.Rosenbaum9@hotmail.com	orGsdc_zWctb5en	Myrtie Hyatt
58	Edmond.Cormier@hotmail.com	PsZE5jlOt1GW8y_	Aleen Berge
59	Americo.Heidenreich15@hotmail.com	skP5Od5RAEl3xy8	Einar Pacocha
60	Ansley_McDermott@yahoo.com	BBC8mAldoJIbXRp	Jazmyne Baumbach
61	Marco.Spinka67@yahoo.com	3P2v2SggDbJhRYz	Howell Schroeder
62	Matilde21@yahoo.com	kp7zCyWjzK9vDfC	Manuela Emmerich
63	Alvena76@gmail.com	fuIr4r2PXOlZsTE	Jovany Hermann
64	Audie.Dooley@hotmail.com	Itia9iYUMh0h_qh	Della Bahringer
65	Axel_Emmerich99@hotmail.com	EERb8ykxc1qKO_8	Erin Rosenbaum
66	Doug.Sawayn23@hotmail.com	6QzJ1V18mEiHHHb	Jamal Rau
67	Andreane_OHara@gmail.com	m3Q7cq5CbCHwDOW	Isaac Gerhold
68	Percy.Ebert66@yahoo.com	AplRCPQ9BiOBcuX	Dorothea Stanton
69	Steve_Carroll5@yahoo.com	f1r8NXqiJ1NqkqV	Walker Satterfield
70	Haskell20@yahoo.com	qQAuVBF3gjlhC3O	Isabel Frami
71	Velva21@gmail.com	_B0YNLJlDZaB96i	Elta Bernier
72	Brad_Osinski@gmail.com	lm6_1WCBTbt2HRK	Audra Koelpin
73	Athena35@gmail.com	UC18yyYCBap2CXO	Joan Hagenes
74	Kenyon.Simonis@yahoo.com	IqyPURpGBM4Mc6y	Sylvester Bernhard
75	Loraine_Watsica@yahoo.com	WqHBtnF0MSWiQyz	Ellen Stark
76	Katarina.Abshire@yahoo.com	Xl_F0K9vJDr_16m	Helmer Runte
77	Mafalda98@yahoo.com	UIhuK0yBXCqeu2R	Maida Konopelski
78	Rafaela5@hotmail.com	M18vA9OBYvYsErK	Daphne Predovic
79	Madonna61@gmail.com	YW7kkrVzeKp13OH	Greg Schroeder
80	Antoinette94@hotmail.com	nAs6xEgPf2T7P0p	Jazmyn Effertz
81	Dewayne31@gmail.com	s9UTxvMAaGShWjs	Kylee O'Conner
82	Lauretta_Gulgowski54@yahoo.com	8ZyfTwveJB4NHnR	Kianna Shanahan
83	Wallace56@gmail.com	DzQj8c00RdET7l2	Kurtis Bauch
84	Corine_Hills51@yahoo.com	dC6WUJKhoirYsDM	Micheal Murazik
85	Lonnie.Greenfelder58@gmail.com	pUdnr8C6GME0X2V	Jeffrey Wintheiser
86	Lucienne65@gmail.com	ZoubvKP1ErlzgOk	Aric Durgan
87	Hortense12@yahoo.com	exlxsyNo8QTLmBO	Constantin VonRueden
88	Blaze_Waters52@yahoo.com	RvHcby1ZnDHfFg8	Hailey Green
89	Fabiola20@gmail.com	r7uF9wCJnpIyL8l	Chaz Williamson
90	Russell_Altenwerth@yahoo.com	lUN5rO5oEZSki0Z	Flossie Wyman
91	Sammie.Miller63@hotmail.com	RFfgKrq32RaCfHg	Humberto Yost
92	Margaretta42@gmail.com	y0Bmfwn32qUKdk1	Hobart Rohan
93	Jefferey.Lowe@hotmail.com	r6QZEsKo_iBz2Ka	Luella Jaskolski
94	Timmy_Bernhard89@hotmail.com	MeuDAfjA0Iat23S	Jaylon Sawayn
95	Oswaldo11@yahoo.com	dyuRItM1W52IA9N	Georgianna Lueilwitz
96	Cornelius98@gmail.com	rpmNlCoxBliDQZB	Eileen Deckow
97	Hermina_OConner@gmail.com	JohMZyPr_T6hBZS	Emmanuel Stroman
98	Alva.Grimes@gmail.com	8gbkAE8pTheYWo8	Hope Mueller
99	Leone_Bartell@gmail.com	GWTvirMlxzoV771	Keaton Fritsch
100	Wade.VonRueden@yahoo.com	FWu0gCPmVb6oQ0l	Evert Osinski
101	Freddie_Goyette32@hotmail.com	wvc7hp9F2XK9Jcl	Idella Ondricka
102	Raheem.Beahan53@hotmail.com	45QCmnZKGsfUBTm	Nikko Smitham
103	Malinda.Morissette@hotmail.com	9Y_ppQnmB3Wzvrr	Ciara Smitham
104	Niko_Brakus@yahoo.com	r_pT28L8hseNB4o	Adrain Rau
105	Coy34@hotmail.com	betIBDJU4U__VR_	Einar Medhurst
106	Lilian.Jerde@hotmail.com	9_QO9Yo4yyCnQ2w	Ivah Becker
107	Mikayla.Kohler71@hotmail.com	3rmX5zFKiwJxLue	Alfredo Leuschke
108	Chelsea_Gerlach98@yahoo.com	k669EJHPAccViZV	Paris Berge
109	Monica_Hessel6@gmail.com	vICTDTw22trPmEB	Geovanny Dickens
110	Dylan.Flatley@yahoo.com	PFzFH1_MozmxMU6	Lelia Koepp
111	Michale_Bins52@yahoo.com	lTS3FNvBz5yxvGe	Jakob Beahan
112	Maxime.Dickinson0@yahoo.com	tnsYdCfUZSFHUNW	Maiya Ortiz
113	Derek.VonRueden5@gmail.com	z0ZFf7vaflgyBEy	Maria Bogisich
114	Catharine_Grady@yahoo.com	MtYJdflIkbNUThD	Gonzalo D'Amore
115	Nikita_Bashirian67@gmail.com	Zi5hDXEPqkUYb5w	Renee MacGyver
116	Junior10@gmail.com	AgK0yLsl9kb5imc	Katelin Beahan
117	Eliza11@hotmail.com	pY2BOypSYHjGIwt	Mylene Heidenreich
118	Matteo.Mraz@yahoo.com	J8oDQTZkavsKlzF	Joany Lueilwitz
119	Henry_Schumm@hotmail.com	2XoGTwOOIT_kBfi	Jed Leuschke
120	Caden.Quitzon60@hotmail.com	wH6aV8XDT8nwhKc	Devan Prohaska
121	Dorthy_Boehm@hotmail.com	VjFXGCCluVV3XTZ	Jasper Bradtke
122	Jazmin.Morissette@gmail.com	P7yRTVZhCO2RDzN	Hassan Rowe
123	Mina.OConner48@hotmail.com	xBc3QhXB_AXPnD2	Abdiel Schuppe
124	Hosea.Langworth12@yahoo.com	VBjwTyH05m4yD7v	Alexanne Runolfsson
125	Verdie15@hotmail.com	Ta33aAkcwNWy93t	Christ Ortiz
126	Roosevelt_Witting@hotmail.com	lz67zBRYLPU10F8	Linda Rutherford
127	Vilma.Medhurst37@hotmail.com	YMR5XezrUJK2Yn3	Georgianna Hahn
128	Benton21@hotmail.com	01oGrycM0NtTvUU	Anderson Carter
129	Curt64@yahoo.com	3PXAjmO6osRgjMJ	Glen Schmidt
130	Jameson59@yahoo.com	pLBtzEqm6BI5rg3	Buford Nicolas
131	Zachary_Lemke51@hotmail.com	GeJJ_WgxZHqYS5B	Lenora Stracke
132	Reuben8@hotmail.com	WIBQmDG5WwnYwbk	Sonya Cruickshank
133	Zachariah7@hotmail.com	67mGKSxMh82Iimc	Donnie Smith
134	Bert74@hotmail.com	kBVimXmxkOJ3uUH	Theresa Stroman
135	Danyka_Schultz@hotmail.com	8BaVeHb3MtAteSF	Esmeralda Koss
136	Sunny.Harris69@gmail.com	OOBYfvDmRNSomEb	Amya Lockman
137	Keven.Leffler25@gmail.com	hpTnpZ4FwVfO38B	Savanah Kertzmann
138	Cedrick.Steuber69@yahoo.com	CcVZw2w12QhicUO	Paxton Hessel
139	Samantha_Feeney@yahoo.com	PYbzLQyviDLXQo_	Pink Donnelly
140	Emie_Dooley41@gmail.com	Mg_pSsgPMl4_nvy	Melvin Heaney
141	Austin21@gmail.com	0yL3TQ8VehU2jmZ	Carlee Runte
142	Jarret.Moore20@yahoo.com	YkLww6QQ23vOlyK	Gustave Torp
143	Donny52@gmail.com	ggFRNVylImGneqU	Shirley Rolfson
144	Cruz74@hotmail.com	IN2d6w6_k3l90aL	Mary Reilly
145	Lea.Shields@yahoo.com	DI8zp7z17cf05Z8	Waylon Jacobson
146	Laisha_Heathcote22@hotmail.com	dFcBrDwTInkDxyB	Estrella Towne
147	Keely_Marks17@yahoo.com	bCfHHsvbCguQdIv	Chaim Deckow
148	Lizeth_Mayer@yahoo.com	o2MLy92wBFLcKFd	Jada Crona
149	Jon51@gmail.com	lHfbf5bBKJtujXn	Roselyn Toy
150	Cristal.Considine@hotmail.com	aNqFxDqlfS3Ggi5	Asa Streich
151	Milan72@gmail.com	0qBogX_GDuO0BP2	Barney Leuschke
152	Jules.Walker@gmail.com	H6x8MktEscBdvcR	Verda Pollich
153	Annette_Tillman@gmail.com	fUPjtIBF9PN0pzD	Jose Bogisich
154	Gia29@hotmail.com	CQft_oDjrlsC0A3	Jennyfer Becker
155	Chaya.Mertz@gmail.com	u6XFkH8Qyi3OPhX	Noemy Huel
156	Tyrese_Pfannerstill94@hotmail.com	FKp8vGmRagNa2nY	Cecelia Kiehn
157	Prince.Nicolas72@yahoo.com	APe1pEm4L3JhUgd	Naomi Waters
158	Braden.Kilback72@hotmail.com	mSVAMGPlIBWL7ta	Nelson Blick
159	Tanya.Pfeffer7@gmail.com	wlDztPGB1Pg3ins	Orpha Streich
160	Van76@gmail.com	bfzkLjj9mt13XoB	Felix Fritsch
161	Mariah_Rodriguez@yahoo.com	f4jO7AmrIYJfTcb	Mabelle Frami
162	Susana59@gmail.com	L8zObmy01jarKbM	Sheila Bode
163	Anjali25@gmail.com	Zocxwl0luItEMEN	Henderson Leffler
164	Eddie_OKeefe76@yahoo.com	SUSULvUVB7LaixR	Weldon Dickinson
165	Dell_Wuckert@yahoo.com	2U7d7fMJx7eKFui	Barbara D'Amore
166	Lelah2@hotmail.com	qIbAl_uX_VyJwZF	Darrion Bernier
167	Nigel4@gmail.com	Pd5b2FbBq3ofGs_	Reba Nitzsche
168	Ardith_Donnelly@hotmail.com	D8jRgV6enElGYt8	Claude Mueller
169	Mose30@hotmail.com	m8GPiix0FoSIyMi	Shyanne Breitenberg
170	Tremaine79@hotmail.com	E4LVcFQngp6aYCW	Alta Nitzsche
171	Lavon_Swaniawski7@hotmail.com	zUhyW8nzUWNf6CE	Magnolia Fisher
172	Evert42@yahoo.com	c3Wp9ATna43ZZ7k	Daphne Medhurst
173	Rebekah40@hotmail.com	GPwxaBblBF6N_8K	Juwan Gislason
174	Thea_Wisoky98@yahoo.com	CWQl2RIOBNShaDN	Desmond Sawayn
175	Addie23@yahoo.com	SU0IPhSpEmp81AB	Cheyenne Lehner
176	Ari.Lang69@gmail.com	ThhqiPmKnH8Cuqe	Lizzie Heidenreich
177	Vivien_Schinner@hotmail.com	xwToLLBxoSJSsKT	Allen Hoppe
178	Norris87@gmail.com	dC7zNVk5VP6aeSx	Lina Nitzsche
179	Hayley97@hotmail.com	dEYs6Fvn4TfJ4y9	Adonis Kris
180	Korbin.Paucek@yahoo.com	C9OXSToVkvNjMqj	Chase Gutmann
181	Marquise24@hotmail.com	hP_1rDAL2frd3a1	Cleo Gaylord
182	Noe_Funk70@yahoo.com	jE4QmOxZRLf280i	Lula Wiza
183	Owen_Gulgowski74@gmail.com	qYDPDbNl3WBiFjT	Dallin Considine
184	Haylie28@gmail.com	X_6BOAwMSVAZovd	Claudine Senger
185	Eveline77@hotmail.com	QGvCTHYjxsYFN9M	Quinten Schmidt
186	Golda_Doyle@hotmail.com	BEK6fDwPSK4dDbw	Connie Collier
187	Sofia.Sanford@gmail.com	bhDA6u_s_Uynviq	Ewell Volkman
188	Ashly12@gmail.com	KMf2tFmHoV4jCjz	Rhiannon Ruecker
189	Nelda.Green@hotmail.com	2MrUpbyMcRM6veh	Francis Leuschke
190	Kaylah_Ritchie@hotmail.com	kUgVDABKXJqU6NM	Wanda Shields
191	Loma_Boehm@yahoo.com	KxcbGMh0tnQRszC	Danika Gerlach
192	Sabryna.Legros86@hotmail.com	YCOLOW1C6IHP1ws	Willow Schmeler
193	Candida25@gmail.com	nM0bDZ7xSSDkUHx	Pamela Kutch
194	Misael28@yahoo.com	TPaV2nOcWbtziG7	Mariam Schaefer
195	Janelle_Schroeder@yahoo.com	7xNOPhvONNClJOC	Ariane Labadie
196	Erna8@yahoo.com	zy87Ryi3TFHSdoC	Audra Hudson
197	Estrella.Pollich@hotmail.com	72xsexI_dJRFJvl	Priscilla Rempel
198	Lenora.Pfannerstill@hotmail.com	c7PacalgsSe1CXF	Adolf Murphy
199	Nina.Grimes39@yahoo.com	Ri5e9_xPEUHYRbM	Adah Bins
200	Alessandro_Koss36@yahoo.com	x7a5ZXDAxVEos4d	Isabel Klein
201	Torrey65@hotmail.com	aSSQLe78QOgf6YH	Eldridge Walker
202	Julien_Weimann57@hotmail.com	NrYH2EMWUF1k7n6	Jovanny Shields
203	Loraine3@gmail.com	yJv5elm6qPdcoOu	Ashly Feil
204	Marcus83@gmail.com	FHFQ5ME78ymoDro	Brigitte Sauer
205	Brian49@yahoo.com	Ikl4qGnfKiRmnHj	Selmer Rohan
206	Della_Emard58@yahoo.com	7GxhgL84gu4rTSi	Rowland Monahan
207	Merle6@gmail.com	xMEaCmHxOqmjKLW	Sebastian Leannon
208	Aglae_Mueller@gmail.com	rMqGcUzLG0SLtID	Meredith Schmitt
209	Tess.Hodkiewicz62@yahoo.com	kPAOgk3Lb8BI2kM	Matt Konopelski
210	Jeff92@gmail.com	iyB8la7uRpP9Zj8	Pasquale Schinner
211	Jerrod.Kassulke88@hotmail.com	wqPTQhQSkniqzE5	Torey Hyatt
212	Chadrick.Reichel@yahoo.com	90MMueMNZHOuD7K	Baby Labadie
213	Brittany.Trantow79@hotmail.com	0bBBxKf1qsVBhGF	Moshe Fisher
214	Ana54@hotmail.com	7YfQq9baej3OaZ7	Cydney Spinka
215	Frederique.Smitham@gmail.com	0wVK9VfqmXL3nGS	Berry Monahan
216	Jerrod_Trantow@yahoo.com	2Oy3CP15a60OQ_f	Ewell Padberg
217	Kaleigh_Kilback@hotmail.com	9kWZHWwbAkxYGcm	Jade Barrows
218	Gerald_DAmore@gmail.com	ZUHlZaMvQUyHGHw	Chaya Blick
219	Sally.Schiller85@hotmail.com	G8az6EWhgsQytmO	Stuart Jacobs
220	Lucy_Bahringer@gmail.com	PAlwZTWa9vctxwv	Aniya Donnelly
221	Thaddeus_Gutmann@yahoo.com	z86mxIAEFsCqGs6	Marcellus Swaniawski
222	Mariana_Swift@yahoo.com	eAn_ZuV5qkLpPvT	Lilly Kling
223	Kameron_Kunze55@gmail.com	lPoXeOlKzN5JKvg	Claire Pacocha
224	Amelie_Robel@hotmail.com	UzmnGwLcB_IqjLJ	Braden Erdman
225	Blanca_Stoltenberg@yahoo.com	3kcWBvVAVqPO7pP	Aiden Hauck
226	Russell_Cronin1@hotmail.com	EdntonZjFq82bxH	Estefania Waters
227	Una_Wolff@hotmail.com	jPgYLgiMDVL2yFq	Dandre Rau
228	Roman_Volkman@hotmail.com	45Ge5rRbnPKC8YJ	Ian Bogan
229	Sigmund4@yahoo.com	VwuvhGbFq6Twxkj	Marty Schamberger
230	Sabina30@yahoo.com	zfxUIFOIMzpu8vW	Jeffery Dietrich
231	Esther_Wintheiser@hotmail.com	tM71J9tZ0qPl9Tn	Roosevelt Ziemann
232	Linnie.Volkman@gmail.com	YWQGp4LioodgqmH	Leanna Gleason
233	Angel33@hotmail.com	ZfmY07z5jADcqy6	Jamie Denesik
234	Paxton.Gibson68@yahoo.com	K5raw4CtZJIprvq	Randall Emmerich
235	Brianne99@yahoo.com	KAz8f8mlVNkoIFw	Irwin Hessel
236	Reba.Wyman75@yahoo.com	JmlcjHwpuJzeHjZ	Lilliana Wiza
237	Timothy71@hotmail.com	iKefn2j2s1vqdzy	Ansley Lesch
238	Bernie92@gmail.com	QMZuggNBpuYLS_7	Leilani Lynch
239	Humberto24@yahoo.com	l5UdL2zFIKvVG26	Evert Hirthe
240	Murray_Welch@hotmail.com	tara22sE2KdKwNw	Ivy Ortiz
241	Nellie62@gmail.com	albynbq1i1ihq5g	Dangelo Torphy
242	Rosella.Bergnaum@gmail.com	EG2sWUGn1BNTx89	Emilio Stanton
243	Bethel.McCullough@hotmail.com	6yM1bMNSb2q1bXu	Rhiannon Ziemann
244	Duncan2@yahoo.com	VRE6WB9K2Y1wmkU	Fanny Howe
245	Pink_Parker73@gmail.com	v4iMKesU5m0ieTJ	Elvis Turner
246	Lonnie35@hotmail.com	5ow04wo8PHXoOJB	Emery Strosin
247	Agnes_Walsh@hotmail.com	GzNoc2FyTQdXBAS	Roscoe Harvey
248	Gisselle96@hotmail.com	T18XecsUIpPfeiP	Marge Botsford
249	Everett32@yahoo.com	pg1EphiIcbQAd1U	Kaitlyn Smith
250	Jake_Swaniawski@gmail.com	AlLdvBEGGwczt5s	Colleen Cassin
251	Nicolas.Stanton5@gmail.com	kMPFjvhGmGvQubZ	Ike MacGyver
252	Niko.Kirlin@yahoo.com	FR1yQJ_Ur8INQXa	Cleta Hintz
253	Aaron.Flatley59@yahoo.com	rXJdKBUYgk2HnCI	Myrl Reynolds
254	Bernice_Ryan@hotmail.com	6IUzvQn5_bBNtvP	Herminio Johnson
255	Jessica.Crona@hotmail.com	Fgm4LQr166iBgjB	Isom Mitchell
256	Joan51@hotmail.com	thH2QFVFz2IzZfc	Camden Braun
257	Retta62@hotmail.com	1ETqerDkHjQtmav	Audra Durgan
258	Queen_Beahan@yahoo.com	FPPyPQYz1dLXJVy	Tiffany Funk
259	Jamarcus_Kovacek75@hotmail.com	ohfnKYhC8OXfgzO	Kiana Wunsch
260	Cierra53@hotmail.com	dPHQIv72iFNAp8R	Benny Harris
261	Icie.Grant49@hotmail.com	1kbAg7XPTrjQ4RT	Leopoldo Ullrich
262	Sylvester56@hotmail.com	Z1FdFOR2rSvXO4S	Jarvis Homenick
263	Toy_Goyette26@gmail.com	iCsjfXNqAu30AEM	Emile Hamill
264	Fletcher_Nitzsche60@hotmail.com	l7QcAYMOCXe1_qM	Claude Torphy
265	Hoyt_Harber48@hotmail.com	bfAtOgrV4pVAf4E	Filomena Stiedemann
266	Linwood_Farrell48@gmail.com	BDCJAYqnP16NP4_	Armand Kiehn
267	Precious_Weissnat73@yahoo.com	x554qOQMnsQ8xrs	Aliya Cummings
268	Anibal.Oberbrunner84@gmail.com	4cDko1zPm4SJYSJ	Karine Block
269	Gregory_Ferry32@hotmail.com	8WUfUZCoZK_buMj	Lauren Collier
270	Andreanne.Gleichner26@yahoo.com	eXObKwc_hCjfOxQ	Andreanne Nolan
271	Alena30@yahoo.com	a4AbEHXronCApvZ	Everett Stehr
272	Emely.Ankunding@hotmail.com	L63hGJLWCpJQJ95	Ulises Trantow
273	Wilfrid_Franecki@hotmail.com	errvjbatNrzo_iG	Gerardo Douglas
274	Howard68@gmail.com	_yi_WsesoSJtanz	Mohammad Ruecker
275	Elmer.Smitham@yahoo.com	jERbj1wUWDuiH8t	Maegan Flatley
276	Newton_Kling86@yahoo.com	qtxswQB3VIQ6gZ1	Jade Rau
277	Annalise75@yahoo.com	50SPjy0nWko7EmD	Robert Nitzsche
278	Trycia_Heidenreich@yahoo.com	l68fB0mDBUiM91l	Davonte Reichert
279	Dale.Purdy8@gmail.com	LZvu3dFJYuJ3a2D	Dianna Funk
280	Karlee49@yahoo.com	V63v6z3fDi_1FsF	Esperanza Hartmann
281	Kayli43@yahoo.com	GU_qoW3IoKepJ7j	Nyah Bins
282	Abby_Kris@gmail.com	ybkr7izi8RjST7h	Antonina Lubowitz
283	Alphonso73@hotmail.com	dW9JwH2no2eGjrX	Samantha Koss
284	Thurman.Hilpert@yahoo.com	X0gv_rXSUHLtwAJ	David Bayer
285	Dominique.Schamberger67@hotmail.com	6EGIJWhmGramP57	Christelle Hintz
286	Monroe.Cartwright@hotmail.com	x3r4T3Kt3W8TLLA	Macy Hodkiewicz
287	Luis.Mertz39@hotmail.com	_i93HOov4lGbD2X	Arjun Veum
288	Rhianna.Dach@hotmail.com	CiCzsNzWHgyEdJG	Catalina Moen
289	Ferne85@hotmail.com	Po5Rz8uDLK9p6p3	Eryn Jakubowski
290	Wilhelm96@hotmail.com	nSmzQ2i24iEZ0YK	Gaylord Shields
291	Elenora80@gmail.com	NALjRv49woeDVcC	Lora Moen
292	Elroy.Crist@gmail.com	6w4g7eMdQos24gJ	Hillard Kris
293	Dagmar.Larson5@hotmail.com	bHdM9A95upz7mrV	Pamela Waters
294	Alycia.Klocko@yahoo.com	5v1L6CgrWodBV5r	Jeremy Schmeler
295	Otho.Lowe@gmail.com	km72UjQ9iMpTx4B	Eleonore O'Hara
296	Sigmund_Weissnat76@yahoo.com	S0zEOQviYaSQrvV	Garrison McKenzie
297	Georgiana.Donnelly@hotmail.com	ffO8gcpjk68tjyw	Ophelia Rosenbaum
298	Fritz_Hoeger93@hotmail.com	lSh4A1HSNPSASRW	Haley Torp
299	Geoffrey79@gmail.com	Oe4thqhsWbqP8JL	Brittany Jones
300	Samson_Daniel57@yahoo.com	B50EZ8KwO_5TAYg	Lorena Auer
301	Dominic.Terry@yahoo.com	btGHwwC7TYgg6S0	Trenton Gibson
302	Cassandra_Hessel@yahoo.com	FdYB54BBDaQhD9O	Skyla Hammes
303	Liza59@yahoo.com	ZWfsCpYOOvNFxoJ	Angelita Oberbrunner
304	Jordan_Hessel60@hotmail.com	rBDp4Rric_YksXE	Unique Sanford
305	Kenny.Altenwerth@yahoo.com	50gRreMaKrL2x5z	Marilie Kunze
306	Jennifer61@gmail.com	9MNK6eRTslZwHiK	Irma Dare
307	Kasandra27@gmail.com	UUngxPALgUXkWYE	Elinor Skiles
308	Agustin87@hotmail.com	TyflftjTvJ_6peC	Alfredo Ortiz
309	Winona_Turcotte@yahoo.com	lvOBOXcOeZ7M99u	Andres Bode
310	Myrl70@hotmail.com	w3EE7mQiOdTSWYu	Cale Bernier
311	Charlie22@gmail.com	HdV9GelA9YbPFPE	Mckayla Schaefer
312	Katlyn.Becker@hotmail.com	PYve8lqAE1WXSAM	Adan Krajcik
313	Wyatt.Mayert@gmail.com	y8sBoyZ3lHXLmSm	Dayton Bergnaum
314	Maria2@gmail.com	HFA1kVP311ugfKS	Phyllis Ritchie
315	Sasha.Maggio@hotmail.com	_lYwslRNTfCVqus	Arlie Hoppe
316	Giovanni59@hotmail.com	5KOlXx7oci8V49c	Arthur Brekke
317	Kariane_OHara9@yahoo.com	qT5ZUBNX_KHMv2d	Heber Kautzer
318	Aliya81@hotmail.com	kARNgWceFgYw4NW	Conor Bashirian
319	Zora59@yahoo.com	vdebWEoy0K8iPPf	Jena Braun
320	Danial.Muller28@hotmail.com	JPq6723Ot3LhB4n	Gabe Lemke
321	Katlynn70@gmail.com	j9k7YtG9satXQCf	Efren Bergstrom
322	Ruthe69@hotmail.com	85OFiZy6XVHHQU0	Jarrett Walker
323	Grace75@yahoo.com	JKgjX5nAnNTHpc5	Jan Hegmann
324	Fae.Bashirian@gmail.com	oMGyCs9ZVOc0wZo	Cornell Labadie
325	Chadd16@yahoo.com	h6OGlfq7HvzL4Pk	Opal Ledner
326	Anastasia_Hermiston31@hotmail.com	QR34M4AK47DOu0l	Mathilde Dicki
327	Coralie_Ernser@hotmail.com	Xt4rv0E6Qpmy7mr	Angel Ratke
328	Jo73@yahoo.com	ZaNW21aLStihReB	Jon Yost
329	Dawn_Gibson@hotmail.com	QPOZ_7WMELwPVbT	Sherwood Howell
330	Otto_Krajcik7@gmail.com	TCYypqkRgTfTJqZ	Myrtie Nader
331	Ruben_Farrell@hotmail.com	UJntIhLXi9S6Us1	Jeffery Fadel
332	Marvin.Ankunding@gmail.com	CaT3l9XTb_RC4mi	Yvonne Mohr
333	Dortha.Jenkins@gmail.com	aYUuG8Hlgh7ycem	Nicholaus Lubowitz
334	Julio38@hotmail.com	8MVnzj2ogkPTeJe	Brenden Mohr
335	Emma.Gorczany@gmail.com	mMjFfg6r2noTSmL	Annabel Stracke
336	Jaleel33@yahoo.com	ophxVh8Shfejqrp	Columbus Rodriguez
337	Aron69@yahoo.com	gOrN4ulR6rz4928	Columbus Hansen
338	Timothy47@hotmail.com	v2QItbIqOBYpxwO	Zander Hammes
339	Magdalen.Schamberger@yahoo.com	xhDsH65V0shc_yP	Raoul Renner
340	Jake_Goyette80@hotmail.com	YXgurqOhbN9mfHQ	Sam Schuster
341	Pietro.Collier84@yahoo.com	qm51RvKYUkfh6bn	Holly Becker
342	Virgil74@gmail.com	IkjovIj_GIuuJ2G	Megane Considine
343	Sonia.Purdy89@gmail.com	SxQ33cIRCv146ma	Wilma Hilpert
344	Adam12@gmail.com	_bYyHw1kxY_y_nY	Pink Pollich
345	Dave.Gutmann@yahoo.com	zOnFbMS7IXZRaeX	Michaela Harber
346	Philip_Wehner69@yahoo.com	9nCzx2hNbIrbvmE	Maribel Cummerata
347	Beulah_Kris29@gmail.com	DVO5X0446iI4W8O	Cynthia Bernhard
348	Rachel_Prohaska@gmail.com	rpBCpbCe3qp14p0	Donavon Cremin
349	Vallie_Runolfsson12@hotmail.com	_pCH_YYfUWTGAPS	Leta Lindgren
350	Rubie_Hermiston@hotmail.com	5Qg6bSNKjZPcsiH	Ricky Baumbach
351	Martina11@yahoo.com	0RA2ppHxtfxBigZ	Raquel Wyman
352	Vilma.Kris@hotmail.com	Qy6Dcb7bGmXuY0L	Josue Gottlieb
353	Elijah56@yahoo.com	atLgHy_7WzZ93P7	Mary Zemlak
354	Angus14@yahoo.com	_Kd0IXgGj029SdS	Archibald Waters
355	Shakira_Torphy@gmail.com	kQH450of9Ds8bUU	Ayla Harris
356	Luis.Durgan12@hotmail.com	DPZK7iXMylsb8W3	Emerson Hessel
357	Laverne.Tremblay28@gmail.com	w24G845EJWk8d0X	Favian Langworth
358	Giovanna_Effertz94@hotmail.com	SIK2k_C5sPdTEJs	Christopher Trantow
359	Earnest_Kautzer@hotmail.com	A4N4ORivz_kVmCm	Verna Rogahn
360	Kian.Dietrich79@hotmail.com	CeBwio2QbFhAKX5	Francesca Roberts
361	Gay.Spencer@gmail.com	BjSbObwmdjZYBdO	Beatrice O'Reilly
362	Verna.Labadie71@hotmail.com	twrknjrhYpNeRtE	Watson Schoen
363	Ines_Kulas59@yahoo.com	APhpnuol1nyLlhm	Ward Kunze
364	Morton.Collier@hotmail.com	fLTbptEoB3qvt0Q	Kamryn Predovic
365	Khalil.OKeefe45@gmail.com	64eAt92BaEpKGAt	Murray Sawayn
366	Carley.Rolfson67@hotmail.com	L8xyZXMNkBPBRlI	Milford Weimann
367	Justen_Hahn@yahoo.com	djYn0IHKvDD96vx	Kathryn Krajcik
368	Walker64@hotmail.com	H6ozDM_0KuUY34A	Ally Huels
369	Oceane.Hansen49@gmail.com	1gCubFltVczdUTq	Kayli Kuhic
370	Nikki_Daugherty@gmail.com	1ZYjIn48Ajg45_B	Annie Heller
371	Milan.Mitchell70@gmail.com	CMyh4Y3tiqn1Ri7	Sandy Gerhold
372	Amely.Kovacek@yahoo.com	_TRaFW5y8TsCy2z	Kayla Ziemann
373	Rowena_Ullrich@hotmail.com	mg7J57fqVe2rF_R	Kayleigh Schmidt
374	Dereck.Doyle@yahoo.com	1xeWou0joscOBM5	Shaina Balistreri
375	Mercedes.Schinner95@yahoo.com	FzOc_JPp0siBP58	Katheryn Reynolds
376	Lilian_Towne75@yahoo.com	ShW3scZwaecvMLq	Clarissa Gusikowski
377	Esteban4@gmail.com	Ky5bVtygpESCUZZ	Elenor Schamberger
378	Felicia_Moen37@gmail.com	JgSieOtbFDSvUJq	Jasmin Pfannerstill
379	Walter_Swift48@yahoo.com	uvx3g7IJVLWzgIQ	Misael Stanton
380	Brent_Parker@hotmail.com	ukW9Apka6QyjWTm	Darren Ratke
381	Amely_Wehner63@hotmail.com	PPvTOBMw6bDvDyw	Mariana Hills
382	Ara.Berge44@gmail.com	vrDirV1W9Ua7nYc	Kiel Stanton
383	Winifred_Cummerata@gmail.com	sUArViwdmlPUz2L	Elaina Reinger
384	Mariane5@gmail.com	DHGTs7jS5iytx_Y	Milo Koch
385	Dahlia55@gmail.com	M9AZCEWzYPowNsN	Stuart Borer
386	Savanah0@gmail.com	31wJYN1NsmpXvfD	Kayli Johnson
387	Aisha.Cruickshank@hotmail.com	9vvPQ4eTW6dBDUT	Amely Parisian
388	Norma.Lesch@hotmail.com	GI5QzECyNkzSdYH	Daren MacGyver
389	Rupert.Kshlerin@yahoo.com	QDO7H1g8_2IkCc6	Kailyn Mohr
390	Conrad.Harber@gmail.com	oKCB4TwtUugvhBC	Muriel Effertz
391	Jennie48@hotmail.com	BXWtd0JRSWCiwf2	Cullen Okuneva
392	Jamal.OHara@hotmail.com	V4ufNp7rKq8TU0G	Isai Walter
393	Josue.Waters@yahoo.com	BXuYzDrjwPQrupq	Joel Schoen
394	Lexus12@gmail.com	6CZ59oYl6qHl5NB	Harry Raynor
395	Eulalia.Hamill42@gmail.com	EoanYqEiMtvpX54	Gabriel Armstrong
396	Savannah_Swaniawski34@gmail.com	QtCZMCSoJ0R6i6b	Christopher Frami
397	Terence_Luettgen@gmail.com	xFEdC7aem2EKijI	Lilla Wehner
398	Abigail.Bahringer@gmail.com	GeUgMfSv_CGSCNO	Deontae Mann
399	Titus.Collier96@hotmail.com	T0OLVNVRM8BF2Oe	Daisha Senger
400	Ludwig3@hotmail.com	RPD9hGb4bfCfH_F	Emerson Ryan
401	Jeromy_Fadel@hotmail.com	LWMLsKESPMeu5o3	Cyrus Lueilwitz
402	Sage_Howell25@hotmail.com	GfqwMsAo_hHPKs8	Fabian Jacobs
403	Ozella.Schroeder50@gmail.com	_nW2HSDPu70My5g	Agustin Lemke
404	Vella.Lehner23@gmail.com	Z9iox0H1CdGLDMB	Shanna Schaefer
405	Jeramie7@hotmail.com	R42SRTh7l7B3VeG	Jo Murazik
406	Minerva_Greenholt@gmail.com	IzLpr6FWQQ9ZBJg	Mack Gleason
407	Emilie62@gmail.com	dHyIAgbTAtOBpnZ	Maryse Adams
408	Olga.Bosco45@yahoo.com	CBxBHXHQu_9Io1q	Darrin Gerlach
409	Alvena_Torp@gmail.com	_hMh6ha1UUOg3Fb	Vita O'Conner
410	Kale_Robel17@hotmail.com	hfnUvXoVtT49iiR	Lew Spencer
411	Sheridan94@yahoo.com	hh_aAKbqhQRXMJe	Cristina Waelchi
412	Johan.Batz88@gmail.com	vgV0xAb_A2P1pse	Keegan Reynolds
413	Kavon.Strosin@hotmail.com	NEbuwyKk6dRoLnT	Jannie Mayert
414	Brice77@yahoo.com	B1b2VhnGhitbGtB	Dawson Schoen
415	Hailey.Vandervort22@gmail.com	re_yeExSBxHURtz	Houston Yundt
416	Vella_Lemke98@hotmail.com	Jv6cmeKv5nM5gOI	Abbey Veum
417	Theodore68@gmail.com	X3vgdwbvb1rv7HI	Buford Breitenberg
418	Mya.Shanahan@gmail.com	e_KzrM0lt7kKbZh	Coty McClure
419	Jed.Wisoky40@gmail.com	_6BXXM4wtI2P_1L	Nils Runolfsson
420	Harold13@yahoo.com	Vh7ssdFNcojGHoe	Vivian Corkery
421	Robert_Abernathy92@gmail.com	PAl4OeT_d75e_rA	Arlene D'Amore
422	Hubert.Towne43@hotmail.com	G_yPMcUukMWmrPV	Damian Schroeder
423	Katlynn_Langosh66@yahoo.com	UDN2HLj8rn7VcQj	Helene Pacocha
424	Heath_DAmore43@hotmail.com	jBtTxxRhxF4cP8W	Hubert Mertz
425	Alf_Breitenberg@hotmail.com	_kL0q_uKQP3qieB	Furman Kohler
426	Nettie27@yahoo.com	xt47rUmGWqz8JQt	Yasmeen Ratke
427	Xzavier.Welch76@yahoo.com	ETezxia0nxQKp6b	Jessyca Mertz
428	Kristina75@hotmail.com	TRgOlfqvvTQXhBM	Elmore Collins
429	Thaddeus_Rippin71@yahoo.com	hESQNesh1zz9M1v	Zoie Abernathy
430	Reyes.Hills@hotmail.com	dkYZJczzKERQAwd	Benny Daniel
431	Whitney3@gmail.com	VzSYQZZuxSVXYf0	Julie Lockman
432	Jany86@gmail.com	bwHO7V9dRLa4JGN	Deanna Daugherty
433	Nyah_Purdy@hotmail.com	sDktM2c1PQImR1X	Eulalia Ratke
434	Casper.Bahringer@hotmail.com	0NmxLJvZEMOxiRL	Gwendolyn Dickens
435	Lempi16@hotmail.com	9tmps8XmjOWoxVG	Clair Renner
436	Mazie72@gmail.com	Fyys4VcpA5_pwkc	Celestino Reynolds
437	Lamar.Kutch0@yahoo.com	MeI0Tox0RGwmKxB	Elliot Bartoletti
438	David.OKeefe99@gmail.com	kJBK571GlkMUzt_	Carlee Howe
439	Maeve_Langworth@yahoo.com	ejsMXlDpCnjnrtJ	Shaina Lehner
440	Ulises_Wiza69@yahoo.com	w71UbPBEHR_Tof0	Eloisa D'Amore
441	Darien_Beatty@yahoo.com	sOzc8OohXIS3LVp	Kaden Connelly
442	Sabryna_Luettgen20@yahoo.com	BUbUpf0tcy7MiCy	Maximillian Upton
443	Erin.Monahan75@hotmail.com	b1iV8oeMLBHpbIF	Timmy Wehner
444	Nelda_Welch92@yahoo.com	hKULbYOf1EwDz3r	Shayne Prosacco
445	Alexandro63@yahoo.com	wZoJz5Er4XG98FT	Claudie Breitenberg
446	Jeanette91@hotmail.com	dg2ixOMVHu9kgv9	Jaylen Bailey
447	Stanley.Kulas@hotmail.com	vsvAHKZcytYLtSG	Anna Wiegand
448	Joannie.Nolan83@yahoo.com	XoMaNFRhPP7V7_J	Elena Kohler
449	Prudence_Orn@hotmail.com	Rj2_dbCNmfkoNu2	Mohammed Wisozk
450	Arely_Pfeffer@yahoo.com	AVZfmxJ1mEkC_lV	Ottilie Morar
451	Teresa0@gmail.com	Gm3NXSrUI2AgJCM	Kenneth Will
452	Judd.Hermiston44@gmail.com	mfh_BHnEVft_d0u	Lilla Hodkiewicz
453	Koby.McClure26@hotmail.com	5DR5TE_fV81ENya	Jeanne Jenkins
454	Christ_Stark@hotmail.com	nOG5U_8oXm4WA6z	Avis Douglas
455	Nella.Witting@gmail.com	Dzqe593yGy_vCpZ	Oliver Windler
456	Kyler.Kihn@hotmail.com	pbp3R7vUaPw84NF	Cary Thiel
457	Adonis72@gmail.com	5AUyZ1sFtHtntFk	Libby Blick
458	Mackenzie23@hotmail.com	1t0Yau1QKPCTQ0o	Rosendo Effertz
459	Rylan59@hotmail.com	BUQwSM10s8QJUm0	Rachelle Ullrich
460	Beau.Metz47@hotmail.com	3KKBdcxfJwyGDUl	Caden Stamm
461	Marge.Mueller@hotmail.com	7lJEaEWDCYbtaqf	Gina Dare
462	Caitlyn69@gmail.com	4umtKhm7U_Pf0lj	Lew Kunze
463	Marge_Jaskolski16@gmail.com	2sW_PyLuRZR3Fby	Haylee Stracke
464	Telly.Schmitt25@hotmail.com	bpgHPfRiUKsnoqe	Craig Keebler
465	Margie58@yahoo.com	WFS9Xish2ahn2IB	Israel Torp
466	Verona_Dare@gmail.com	UZQuMho79CVNeR9	Trevion Smith
467	Lue77@gmail.com	jDZqhUxRpV21Fg5	Beatrice Hermiston
468	Angel73@yahoo.com	MnWXc_1V1jgGIFt	Lexie Brekke
469	Brendan.Ferry59@hotmail.com	i5mAbLFNfuM_YiT	Lizzie Dickinson
470	Sterling_Keeling20@yahoo.com	ncHy2A8FXFpJhFj	Clovis West
471	Sonny22@hotmail.com	BZX2b9pa0ufgQ74	Katarina Purdy
472	Mariana56@yahoo.com	SQ2nDt9MiWHK3Pn	Aracely Schoen
473	Hershel.Armstrong38@yahoo.com	9yIvUTBF3D3gxGp	Lily Raynor
474	Anna53@gmail.com	Nj3f7rpemdvfLCQ	Magdalena West
475	Romaine_Roob@hotmail.com	JVXW8z9vNLV1LbC	Joanny Davis
476	Trenton71@yahoo.com	RjrLhL4cvYDjUlS	Amani Ziemann
477	Rae73@hotmail.com	yLfbxj6AP1NVhx6	Aiyana Bernhard
478	Beulah.Mayer97@hotmail.com	Cc5XEhu3D94tDx3	Brittany Hudson
479	Regan49@hotmail.com	a9bRk9DoAGHMfSg	Alyce Howell
480	Mercedes6@gmail.com	ktetPC72HJWoTj_	Price Kassulke
481	Loraine_Conroy84@hotmail.com	HmqbOwXOxUNggkD	Ava Wunsch
482	Maxime74@hotmail.com	RfPU6DKTsHYYTFK	Laura Parisian
483	Liam84@yahoo.com	6EYPjGQYqUyy_uu	Cordie Marquardt
484	Marcelina98@hotmail.com	3pEbACPRiQeoB2d	Olga Kerluke
485	Lolita89@gmail.com	cDE7dxhnyKOiliO	Nicholas McKenzie
486	Verda.Dicki@yahoo.com	0knnJ22wYsOuVog	Axel Breitenberg
487	Sabina.Hilll@yahoo.com	i1qVVdouq872gfA	Claire Von
488	Nakia_Abbott49@gmail.com	M46KbdXhxLiA1qt	Webster Vandervort
489	Pauline.Cummings94@hotmail.com	cGRJtyN0dgDS41v	Suzanne Rau
490	Lauryn20@gmail.com	DUnbxNGw4MNdkxh	Deonte Weimann
491	Makayla98@hotmail.com	AwZsd0rPfgY3fp6	Viviane Lehner
492	Grady_Schumm@hotmail.com	GBiWyjPXWFuzDx5	Octavia Schaden
493	Paxton51@yahoo.com	BJRDZR6TzwudizT	Lois Weimann
494	Gabe.Frami@yahoo.com	WYaBp6BLrUUIg_d	Brielle Marvin
495	Kristofer.Luettgen@yahoo.com	ZeNRJfALtMHeGmB	Moises Balistreri
496	Christelle_Ondricka51@gmail.com	B8_tq3PzsKumfil	Annie Heaney
497	Dejuan37@yahoo.com	tNVwpZ7JSABxAu9	Verlie Gutkowski
498	Caterina_Hilpert@gmail.com	Uk4iNmWZS77OwWw	Alvah Wunsch
499	Delilah_Toy43@yahoo.com	dsFTXM0KOiqA4jb	Garret Pouros
500	Hope71@yahoo.com	RHA_wTrMQ0IM9KF	Vladimir Johnston
501	Carleton_Cormier72@hotmail.com	Qxu5FjgNhcdV07p	Marina Deckow
502	Shemar_Lubowitz@yahoo.com	SYCMxyZj9cgTewj	Mary Upton
503	Cheyenne_Renner@gmail.com	lUfe_6_6NApwWmv	Luigi Dicki
504	Bethany_Weimann35@hotmail.com	RdGKKoo2Jj12Vpf	Luther Borer
505	Liana53@hotmail.com	bWS9Z9akl_eUi6D	Narciso Schiller
506	Timmy_Morar31@gmail.com	DQTlJZYKLIii5Kv	Howell Will
507	Nia.Corkery71@gmail.com	jDcYvMaukf4r5zW	Linnea Breitenberg
508	Chasity.Sauer33@gmail.com	wlgwNBQTQmYfRNl	Anastacio Schiller
509	Mitchell_Crooks@gmail.com	LhjXciz50CDV2ek	Monica Bruen
510	Fannie_Gerlach13@hotmail.com	q4hI0PcYTog9ThX	Anika Friesen
511	Susanna.Greenholt@hotmail.com	sAyxsnqQVaMXAtK	Mark Metz
512	Liliane_Stroman@hotmail.com	fI_8EqMQHLVbtrd	Brody Rice
513	Zander97@gmail.com	iUwKuuDDSOgRbiZ	Ola Robel
514	Ronaldo80@hotmail.com	68KMPLAhytGArOi	Jany Boyer
515	Mylene18@hotmail.com	P2ysa99fdLraDOX	Kristoffer Schmidt
516	Dayana_Bednar52@gmail.com	QpvYqNdJ38RDCj9	Adolfo Gerhold
517	Ariel59@yahoo.com	51AfDUvMkJIkVLv	Santos Shanahan
518	Hulda.Wyman75@gmail.com	vPg5nldKCDvtOWC	Justine Ullrich
519	Alayna.Collins@gmail.com	FajQY2OJXgi5Ivb	Roy Nicolas
520	Brandi87@yahoo.com	Iudy0jsgBgVjv9p	Arturo Lockman
521	Seamus92@yahoo.com	JXKjP2ki9f7Re_3	Devyn Roberts
522	Hosea.Buckridge@yahoo.com	ErnxIw_7y35qAmj	Rahsaan Prohaska
523	Jovany.Bartell45@hotmail.com	c8NvohpCu1mEHZp	Telly Fritsch
524	Amelia_Rogahn@gmail.com	IrbKCCLmm0frpCm	Morgan Auer
525	Gabriel_Keebler@gmail.com	luQN63iKqyUywPU	Jenifer Simonis
526	Veronica_Hilll71@yahoo.com	0BCZsHgIUishCMG	Cristina Schulist
527	Darwin0@gmail.com	qq9h6Lx2uSMMffH	Simeon Bechtelar
528	Jamel_Schimmel@hotmail.com	XuzWWcRHCHBgCG7	Bernhard Emmerich
529	Ayden79@yahoo.com	RVXpOpqx0eENYBO	Rosemarie Reynolds
530	Yesenia86@gmail.com	pg0q1wKf135Xdkp	Shayna Kunze
531	Yadira_Fritsch@gmail.com	OU_5uTQrs3MG_Er	Cathrine Wyman
532	Graciela_Weber@hotmail.com	d5GUV7xXewx4Tpu	Corbin Wunsch
533	Estelle_Hegmann72@hotmail.com	OiIqyRRs3XWhgDE	Eriberto Bechtelar
534	Hilbert23@hotmail.com	i2GugYq6fNIVat3	Gina Gutmann
535	Allene_Zieme@hotmail.com	ATgaOixgiRsgfJE	Trenton Hahn
536	Ali_DAmore8@yahoo.com	P2DQExCnGI92sd0	Gilbert Abbott
537	Lauryn66@gmail.com	KHB9C0Pjc5PZ_CM	Veronica Mraz
538	Tavares13@yahoo.com	jhtmw9HELAYZIiW	Heidi Jacobi
539	Dangelo.Klocko26@hotmail.com	lB7HDxPNnsO8W9R	Rickey Schroeder
540	Braxton26@yahoo.com	dlbwWxmgYGcDeto	Chelsey Beatty
541	Nathaniel.Bosco@yahoo.com	PIPtBuN7cp1ObBR	Timmy Grant
542	Madonna.Ortiz46@hotmail.com	I0obNciy2pGI669	Jaime Watsica
543	Kathryne.Kunze@yahoo.com	JHrdfdZSjoZgz7r	Milton West
544	George.Beahan5@gmail.com	jpZFuzujhcEs0c7	Lavon Skiles
545	Lazaro.Ritchie@hotmail.com	JoSwgEg_udHtpqD	Lupe Dickinson
546	Nicklaus.Ernser2@yahoo.com	Bsyo26REkN7GQHY	Karlie Heidenreich
547	Rodger98@yahoo.com	S5F3IKSxKC5s9EK	Emmie Dickinson
548	Norwood.Heller9@gmail.com	e7wumt7XNeVbIU6	Omer Haag
549	Javon_Pfannerstill56@yahoo.com	c4eSxAeabynvV21	Aliya Schultz
550	Caroline_Rippin52@gmail.com	63CeF5C1mccIVyd	Waldo Berge
551	Ottilie.Murphy@hotmail.com	7Q9GNgRUUwD4aSf	Rosalee Aufderhar
552	Ona_Ledner96@yahoo.com	wzS9ocbsOGNFhT8	Tressie Ondricka
553	Ike91@gmail.com	46G8bBMVnMnQAAP	Florence Hessel
554	Vidal_Harvey5@gmail.com	Su9fso2Cnl3kvZ7	Murphy McDermott
555	Josh_Langosh@yahoo.com	QWV2Sa0cs7151we	Lorine Hagenes
556	Ignatius42@hotmail.com	HM24wF3f3neShOA	Alejandra Wehner
557	Micaela_Kemmer23@hotmail.com	UsuW39V6vrF98kT	Renee Pfeffer
558	Porter.Kunze1@yahoo.com	nfdO_ASkVyEYa1R	Lukas McGlynn
559	Tracy.Hirthe@hotmail.com	XOJ9PaQpIHNrIqZ	Hassie Hettinger
560	Heloise_Durgan89@hotmail.com	0LiDVvhoUNIhSV5	Eveline Dickens
561	Sydnie28@yahoo.com	hTwA3vRIGItEq7L	Cory Waters
562	Cruz_Kertzmann@hotmail.com	lNjSpqegoJCfG51	Rubie Beier
563	Alicia66@gmail.com	4D6HyT0nWaM9JUI	Mortimer Upton
564	Golda76@yahoo.com	2csmPPQdcJEA6vS	Eddie Gleichner
565	Josiane.Crist@hotmail.com	2IihZ_1Uj4KB6KS	Dorthy Marquardt
566	Toy14@gmail.com	KssiAFAbdzKNAtg	Elsa Luettgen
567	Giuseppe75@gmail.com	hpjpMIDxyAF1Aoy	Reinhold Brakus
568	Gust_Medhurst85@hotmail.com	rcD1AUdmmmSTogy	Mateo Shields
569	Laisha.Huels@yahoo.com	S4bmB0B7lDwYWhQ	Margarette Green
570	Myah18@yahoo.com	DzwvLQqqH8sR1K5	Verlie Donnelly
571	Drew.Konopelski@hotmail.com	1IViT489U43cGS3	Turner Parker
572	Bailey.Waters@gmail.com	U1VI6SNlZK9T53C	Larue Ortiz
573	Addison.Koelpin46@gmail.com	tvurAFsxwOIc2Ah	Adam Reilly
574	Riley79@gmail.com	af7IxqAbxX0NmMI	Alexie Streich
575	Major.Flatley77@hotmail.com	Ficnf5sNxD_X7Fh	Ken Torp
576	Jayda.Russel0@yahoo.com	wGFVuUNBnx0pmCW	Verdie Hansen
577	Gerda.Grady9@yahoo.com	EVUDjr7I2jgV82r	Layne Durgan
578	Elfrieda.Gerlach35@gmail.com	lTye57516LGaIJw	Victoria Kerluke
579	Yoshiko.Langworth@yahoo.com	58lz78yMbISB_7l	Christiana Wunsch
580	Dwight84@gmail.com	bhPhmzZs5iYqbqQ	Jerod Hoppe
581	Kavon_Conn30@gmail.com	fOkY32ruDBIUGpJ	Syble Konopelski
582	Icie.Mohr@yahoo.com	YgDyynWTWHFCZvt	Electa Kessler
583	Keshawn.Koch56@gmail.com	t_tRNd_ABllsg0M	Vern Koss
584	Darien.Franecki@yahoo.com	OIaeW_ufAiv7seD	Ransom Wolf
585	Glen56@hotmail.com	MN4uuvCDeCYlZcQ	Bianka Halvorson
586	Mertie15@gmail.com	hfkYMViIwsvOH6N	Valentin Kerluke
587	Christa58@gmail.com	j32CBCr86atxq21	Oswald Jones
588	Omer.Reilly@gmail.com	PNEyETBheKsBXsf	Kaleb Boyle
589	Savannah_Wisozk@yahoo.com	QMl1vTF_wCIi5lQ	Caleigh Murazik
590	Myrtie71@hotmail.com	hkhbEuooi_PIneX	Kendra Abshire
591	Mckayla51@gmail.com	JH27tUPbaMzhHiB	Kennedy Hansen
592	Nina72@yahoo.com	vd_HNg1pnadnelx	Vena Russel
593	Burnice63@gmail.com	TitHAdlFAzXDdsT	Dixie Jenkins
594	Madison_Jakubowski@hotmail.com	cNKcTNVaGzrYHoZ	Coty Abbott
595	Angelita_Prohaska@hotmail.com	mPqQx86QWxbWFFH	Nikolas Predovic
596	Murl_Schaden@hotmail.com	LUtELzBRXCeGabD	Colin McLaughlin
597	Kareem69@hotmail.com	F4pMuQ885bMbYcV	Eliseo Heaney
598	Leanna_Hudson75@gmail.com	1gyrUKXQlz0KKMI	Lelia Weissnat
599	Zula_Willms41@gmail.com	MfryIHF2flXbl4K	Orville Quitzon
600	Amos35@yahoo.com	X867IN_eKE8MGyG	Adela Fritsch
601	Janis_Mueller@gmail.com	v4XzncLByt9KrZ2	Willie Walsh
602	Bert20@yahoo.com	6VdPCHrrJIeZyko	Caterina Jacobson
603	Easton55@gmail.com	gP1S6IqXKg8vRYv	Kraig Morar
604	Megane40@yahoo.com	_FBH0m0DbelX6Nk	Dixie Bergnaum
605	Doris_Schinner@hotmail.com	uyUhrBZ3B6izKlr	Omari Quigley
606	Braxton.Stracke62@yahoo.com	8NZhgbAw26YonsJ	Leonard Boyer
607	Arvel_Heathcote10@yahoo.com	tGYiXqV_zcgKr6j	Forest Marvin
608	Lexie_Zulauf6@hotmail.com	zp2OvXaLkaBTDpL	Berniece Daugherty
609	Helen_Tromp31@yahoo.com	Q1geHiOHilpxAG3	Sofia Baumbach
610	Golda.Rath42@gmail.com	l6_mGhMmdRit6rA	Caesar Leannon
611	Kobe_Lehner33@yahoo.com	sk2y9oLTvo0aSEl	Vaughn Keeling
612	Chance17@gmail.com	iZxFo5rZtOcjgDV	Mia Fahey
613	Ephraim.Kulas@yahoo.com	PvcI7roZFZxRdVP	Cooper Weimann
614	Tony69@gmail.com	Y5Vm8BGFOdP8XYV	Allene Mann
615	Jose_Mitchell12@yahoo.com	tu2sEzIo857a8xL	Melba Conroy
616	Camren41@gmail.com	zUuYZ02Qh9aar2B	Sarina Weissnat
617	Clifton95@yahoo.com	A472jD8QjYw9Ddh	Zita Ankunding
618	Brad_Zieme18@yahoo.com	idjkqcoobO6bC3K	Constance Stamm
619	Anika_Lowe@gmail.com	k6HuUQAUN901LZr	Bette Bahringer
620	Mateo39@yahoo.com	oYlsGl0XDhCwS1Q	Aimee Johnston
621	Mike70@hotmail.com	tl3mNdygnN2l8IV	Sunny Kovacek
622	Kane.McClure@yahoo.com	Sgz5DiQPiwfGikk	Orpha Erdman
623	Celine_Bartell@yahoo.com	F5DPeC9Xxp0d2Ux	Jessy Schiller
624	Kylee_Emmerich@gmail.com	0987OBSWIdPRAyW	Urban Beatty
625	Norris_Moore@yahoo.com	Eb4ExqRrEZKihWI	Bailey Champlin
626	Consuelo.Nader16@hotmail.com	I441qVahefuYjm_	Sibyl Ward
627	Selena.Grimes@yahoo.com	czeS5LGc7drXi9M	Katarina Gibson
628	Kiera58@hotmail.com	AmVkazhphxRXH0z	Hadley Wiegand
629	Yoshiko.Stokes29@hotmail.com	EjZkcOwOY487IUl	Marilou Lemke
630	Cielo.Boehm33@gmail.com	C_MTdBUziTxe8Hk	Geovany Gleason
631	Savanna71@hotmail.com	HiqWFxaGO3oIztE	Stacy Oberbrunner
632	Nicolette89@gmail.com	UnsqXFbJ4oa1nIk	Zula Bechtelar
633	Eileen_Weissnat@yahoo.com	oaIED8l9YaxZlxa	Eleazar Champlin
634	Maximillia.Renner92@yahoo.com	m7teg34QAKzuL4i	Kirsten Haag
635	Gabe60@yahoo.com	gZkQq3xRKn2Mt3A	Hilario Deckow
636	Stan_Carroll97@yahoo.com	1c5Rd9Ksl9jm58s	Crystal Runolfsdottir
637	Alessandra55@yahoo.com	S2S1j6CM4mGgQ82	Shirley Koelpin
638	Elyssa.Borer@gmail.com	etDJh6Y11kmtYte	Quentin Tillman
639	Kim.Beier56@hotmail.com	vSJjaf5Ewn_Diur	Derek Schmitt
640	Orpha_McCullough@hotmail.com	oCBHu20sORAMWKd	Dandre Bednar
641	Autumn.Sipes@hotmail.com	ySG2IOIX639TTqf	Ewald Grady
642	Eusebio_Weimann75@yahoo.com	GfX6xqj9L8gGHoR	Jeffrey Bednar
643	Jeremie.Rau85@hotmail.com	0E5w_SKOKyWYli3	Rodrigo Hudson
644	Eleanore.Dickens@yahoo.com	CI5Z4CcP3K3WBOG	Tremaine Ortiz
645	Susan44@yahoo.com	ckkdpD2uqg2elKx	Dusty Murphy
646	Laurence.Padberg5@gmail.com	F7mH806jsvlcIza	Retha Wehner
647	Dakota_Stracke70@gmail.com	0F_EEjhzrVLL0Dd	Izaiah Daugherty
648	Marc12@yahoo.com	3KUgHyMIMPEKsHh	Reba Hartmann
649	Verda5@yahoo.com	JBGxm_Rqhk6CROG	Vickie Schuster
650	Ruthe_Cummerata80@gmail.com	X4TuGwnDjioSRiX	Arnaldo Kling
651	Else57@hotmail.com	xziUOxTNWCzm7xY	Foster Donnelly
652	Dena62@gmail.com	9DeHAc8HE5KegAe	Jaydon Ankunding
653	Ila_Grimes78@gmail.com	YvcXdXF5qVfNn2R	Amara Sipes
654	Carmine18@hotmail.com	23n86Orl1NL4qZF	Carmel Block
655	Rosalia18@hotmail.com	kLqAp5A5CtSv3da	Ahmed Hilpert
656	Betsy30@hotmail.com	j2wFFGkVCKpxeof	Gennaro Keebler
657	Reanna34@hotmail.com	ZmQgNgVjPT7EMoY	Adam Schultz
658	Gavin_Rice@gmail.com	GFSgLXQrmMP8fYv	Alfredo Fay
659	Lillie.Wiza13@yahoo.com	qizsKceiOzR9YUt	Drake Sanford
660	Aida_Kris42@hotmail.com	7euzazjaIDLnHm4	Ezra Stiedemann
661	Esther69@yahoo.com	gOcR434SaKW6aQW	Garnett Ullrich
662	Timmothy40@hotmail.com	6Xab26WI5e0akFk	Bobby Considine
663	Taurean.Rogahn50@hotmail.com	m4Ympa4EkT_kMQ_	Kieran Huels
664	Elisa66@gmail.com	UZXvxBn2hLhb62A	Waldo Kuvalis
665	Selena_Jakubowski@yahoo.com	kWVpRp3SGYBT1cA	Eryn Bernhard
666	Earnestine20@yahoo.com	b8pfM8rCj4qdChR	Jordane Gaylord
667	Gilberto.Connelly@gmail.com	4Pb9ouPIypv0BK_	Lilian Kiehn
668	Nichole88@gmail.com	EQZVScIVOCz_CO5	Arthur Wolff
669	Evan_Nikolaus@yahoo.com	osg9oDefq_dekxp	Brando Hamill
670	Tracey_Kling@gmail.com	Z5ww2Wkk1z3sXtk	Jarod Nitzsche
671	Paul_Swaniawski@hotmail.com	QGqKFoteYPhuk1m	Nicklaus Gottlieb
672	Euna.Labadie23@gmail.com	YULKayBVYC_kcCl	Wanda Anderson
673	Arturo.Legros97@hotmail.com	W1NlUToAXhNA6f5	Winston Waters
674	Herman94@yahoo.com	ahkWzD40NjISb8a	Hellen Beer
675	Lacy.Hessel@yahoo.com	FVnBm5e5BvtSG2y	Ashton Corkery
676	Geoffrey_Bechtelar@hotmail.com	aa7bjWZrx1V2K18	Glennie Boehm
677	Tito23@hotmail.com	Uwh6FvSU0KiuAU0	Luther Toy
678	Monty.Olson@gmail.com	u_PyGU_9TL1m2Zx	Lincoln Effertz
679	Tiffany.Boyle60@hotmail.com	lmL0hIvk9xdno0o	Eli Gutmann
680	Ludwig.Runolfsson@yahoo.com	ZHcOCzWbPMhfFIA	Pattie Prosacco
681	Meda38@hotmail.com	i8sQvd9byIwNcvv	Camryn Mills
682	Paris_Weimann@hotmail.com	pHS_at0LvYiMxKO	Gregory Crist
683	Joanie.Lockman@gmail.com	OU8bzqA3yjsftKY	Ibrahim Hodkiewicz
684	Jayce_Boyer79@gmail.com	dC6HWLEHhCwgfFK	Abdullah Swift
685	Cristal.Mitchell@hotmail.com	Z5IJuxKAfNvz_7m	Kayla VonRueden
686	Gertrude78@hotmail.com	KlXeUUfIpKqcJSF	Bonita Mohr
687	Dominique.Barton57@gmail.com	m7J38g2VI_zr7xb	Reid Krajcik
688	Daron_Lesch67@hotmail.com	hkgSoA10K4MFlcY	Elza Kuphal
689	Savanna5@gmail.com	pbRJH7qJd1d2HNQ	Harvey Veum
690	Jodie.Will71@hotmail.com	60blNhvVQUapEG4	Chadrick Schuppe
691	Paul_Anderson@gmail.com	P31MM7WcxHJmt0x	Scottie Volkman
692	Maynard_Luettgen@gmail.com	cyEvr2CWZikt0E9	Treva Russel
693	Estevan.Kerluke73@yahoo.com	DnuNn8Z9ydV5inB	Brooke Dach
694	Elsa.Ebert@yahoo.com	eP6JnabN8bLvJwP	Kay Bernhard
695	Krystina_Jacobs53@gmail.com	v9qWWVhVmxTZJNd	Allison Emmerich
696	Josue95@yahoo.com	s9Ysu04XCnMH02V	Coleman Raynor
697	Connor.Krajcik81@hotmail.com	EVA8_m8F5pYyO9C	Aletha Rogahn
698	Virgie_Jast@yahoo.com	hDlC8BYy0YHM5ga	Hilton Hilpert
699	Charley71@yahoo.com	AxXNzUK5oAOVdBP	Nico Collier
700	Emmett61@yahoo.com	Eo24i2QPInXA9_N	Austin Veum
701	Leila51@yahoo.com	KhEG4PgLLQrnGUi	Eleonore Bartoletti
702	Trevion_Williamson36@hotmail.com	5hHVViUNVLMA5mR	Roslyn O'Keefe
703	Ernie_Keeling@gmail.com	pDLxAPTRT__4wDP	Ted Breitenberg
704	Rylee_Mayert78@hotmail.com	nyqSgiYuKiTLPkA	Otho Beatty
705	Maryse_Strosin68@yahoo.com	17kkp56MBqweo2q	Elissa Cassin
706	Lacy_Hackett45@hotmail.com	Ja6dTXXbgSL3LwR	Claire Huels
707	Destinee_Konopelski@hotmail.com	v1A82k8YwfxDtod	Rebeka Willms
708	Khalil46@yahoo.com	bmgKsahnekawUTC	Jodie O'Connell
709	Daniela_Bartoletti@gmail.com	V9Q3rB6qXvwDNOG	Gaylord Boehm
710	Marlin_Gorczany90@hotmail.com	vKPRRw3jKUEiJlK	Branson Kozey
711	Alvina.Hettinger@gmail.com	U3IoGOd4fsHabCn	Austyn Bernhard
712	Maya_Gerhold21@hotmail.com	vLrKc4wbL67MdAR	Ellen McDermott
713	Dolores78@hotmail.com	sYxBpR_sSj2oH1t	Clemens Dare
714	Hal.Mitchell@yahoo.com	zQPEXeYeCCqSK6L	Myrtie Boehm
715	Izaiah.Stamm79@yahoo.com	UG7QfJqtqCbnTwO	Matilda Crooks
716	Yadira.Gislason24@yahoo.com	1pW4x3zrk8VSmeI	Danika Herzog
717	Kamille25@gmail.com	BNlnrJQmZeBi_L5	Kaitlyn Torp
718	Antwan13@gmail.com	k9FJQY5Z6bAnGzL	Keara Carter
719	Alfredo24@gmail.com	vCxyXcx4ThTVgk6	Adrain Reichel
720	Nelson68@yahoo.com	xf6XXKr7lCIc98Q	Emily Jerde
721	Raina_Bartoletti22@hotmail.com	d_Np5Dn8PHbIWqb	Catalina Bartell
722	Leda.Bechtelar19@gmail.com	yPOLnAv4lQk6igL	Rosella Konopelski
723	Remington39@yahoo.com	mis2G2b8FUPhsv2	Lon Kemmer
724	Kiarra_McCullough@yahoo.com	uZTGIEhW62yJfJl	Reid Sauer
725	Oswald_Aufderhar47@yahoo.com	sfg9HJnFgeBo7Xk	Melvin Wehner
726	Barney_Crooks@yahoo.com	tSMGZp7UQRHFIdM	Coralie Thiel
727	Janis_Emmerich@gmail.com	v5DSa9roP611NrV	Ova Mills
728	Emil_Lockman@yahoo.com	RO1z2AOXVZ70upW	Josh Towne
729	Sanford_Upton98@gmail.com	al3jGF02PxXCl_R	Jovany Runolfsdottir
730	Elmo_Beer@hotmail.com	3fdkzyQh7L4zgPu	Lemuel Quitzon
731	Grady_McGlynn@yahoo.com	A0b1bmHIzkDSZc_	Sierra Aufderhar
732	Gerald.Boyer22@yahoo.com	RL7ErPXDuCPXMma	Conner Little
733	Rosamond19@yahoo.com	gzjCHiiZXhYMpsx	Oliver Douglas
734	Jadon.Casper@gmail.com	zHGpg2J05LTUosm	Ian Lind
735	Jailyn.Labadie@hotmail.com	bUkSla3C5ghnPEB	Diamond Gulgowski
736	Devante.Purdy29@hotmail.com	8p6CMRQDNEtaO53	Kareem Block
737	Austin.Davis@yahoo.com	EgeYp0xLBebhC8O	Leslie Gottlieb
738	Otho13@yahoo.com	_KKXvZXXlM9esaw	Reymundo Senger
739	Evan_DAmore94@gmail.com	zSuZWyAbA9brIip	Lauretta Kunze
740	Priscilla.Kling@hotmail.com	Kp3haOsf2X2qKwb	Demario Wunsch
741	Leanne_Cartwright50@yahoo.com	V_NhDvJpRisRjEp	Marilou Will
742	Faustino70@gmail.com	p4BzzbherTrI5U3	Ryan Lueilwitz
743	Clementine.Wilderman@yahoo.com	l9iTdewBuBYKX6d	Alf Ward
744	Mazie_Klocko@yahoo.com	K_H0CVAENRHDNTs	Vallie Murazik
745	Serenity14@yahoo.com	pfaWL5g2YMd6Y2_	Lura Kilback
746	Trace.Jerde56@hotmail.com	D9zF3rKuiUqvEP1	Bradford Dooley
747	Quinten.Lind52@yahoo.com	Rte6Pm3wJkUlVZv	Arvid Runolfsdottir
748	Robin.Ferry40@yahoo.com	hf9XRcu69CeOCTc	Jonas Durgan
749	Theresa_Miller@gmail.com	RN2Xfk4R_TeNduX	Frankie Orn
750	Tomasa97@yahoo.com	qEW_DiPNOSI0AGB	Meaghan Gislason
751	Fernando_Bode@gmail.com	KSVVQMpdhrlmsFo	Zita McKenzie
752	Zita76@yahoo.com	M1lbFLj4FY9lVY5	Iva Huels
753	Tiffany66@yahoo.com	3nMw0sU2V_mcd3Y	Ludwig Bernhard
754	Bridget_Rodriguez@hotmail.com	43nxnNJoMJlqv5j	Joseph Tremblay
755	Agnes.Blick@hotmail.com	6zWFC51ANpVfhT_	Salma Jast
756	Pietro.Tillman@hotmail.com	cQjQoksynCEtwTN	Henry Krajcik
757	Francesca.Lehner@gmail.com	mWw0onhTsynxjK5	Brielle Hayes
758	Maddison_Herzog95@yahoo.com	T4I5bhwh5E0RD3M	Casimer Smith
759	Isom99@hotmail.com	QfyVHxtK91GdUXH	Jeramy Goyette
760	Myles65@yahoo.com	Mh7wm1w8dBU6jNX	Tristian Luettgen
761	Shanelle61@hotmail.com	CPnn2gh3tFGvRyE	Blaise Walter
762	Calista23@yahoo.com	1TLDj3hDbDncBUV	Zachary Raynor
763	Macy_Bednar@gmail.com	53fSG3mvtJGw3OV	Cortez Marvin
764	Terrill91@hotmail.com	k_LpoRBN1mGoH7O	Lourdes Hermiston
765	Godfrey8@hotmail.com	c4jQW7Rq05wSW4g	Giovanna Pacocha
766	Trent38@hotmail.com	pWrPhgDEAg3pfek	Colten Feeney
767	Hermina78@yahoo.com	HwlLkeZbrw3MPlq	Gennaro Bayer
768	Edward.Gislason@gmail.com	fLAgdo0sKzQjJqN	Lane Ortiz
769	Melvina62@yahoo.com	QTKrviToafCrAsc	Jayme Hansen
770	Reilly_Bartell65@hotmail.com	KtSAZNfTQTNWqED	Noemy Walter
771	Madisen.Metz48@yahoo.com	ygGwG8kDrJ0RNaq	Molly Hudson
772	Harley_Cole@gmail.com	hT3WhGQZm_KGhy0	Meggie Bayer
773	Maynard.Treutel@yahoo.com	GMJxcqnvANIT95T	Zena Jones
774	Abbie_DAmore99@yahoo.com	Ug2mnyCcCAg5TwO	Grayson Hoeger
775	Cathy.McCullough44@hotmail.com	OeAn1rbyu38Y23k	Eloisa Macejkovic
776	Beverly33@hotmail.com	SNEEcrymZ5pCX8w	Westley Reichert
777	Alvina_Brakus21@hotmail.com	mnn4K3Llj6OrNLl	Jailyn Collins
778	Mia.Becker15@hotmail.com	aBWTMnk7875tCZL	Brock D'Amore
779	Violet_Veum18@hotmail.com	A9inVEBzXqQwxbg	Diamond Fisher
780	Julian.Feil@hotmail.com	Brty9hywXMhCIMg	Bethany Thompson
781	Patsy.Shanahan39@gmail.com	vVyTgCkfyvNIcbN	Kaylah Haag
782	Zola38@gmail.com	fBYkEyJBwDYCssR	Ernie O'Hara
783	Joseph_Feil@gmail.com	3lQ4eNFPpqjV0fe	Neva Crist
784	Jules.Kuhic23@yahoo.com	IvvdP1f7QNiOpsC	Jackie Nikolaus
785	Domenick.Borer37@hotmail.com	LHXya7DLJ6_dd6o	Angela Pouros
786	Rebekah89@hotmail.com	BC899aJEDs_Ma75	Aimee Zieme
787	Tatyana.Murray@hotmail.com	c8Oh09KHhhAvuTc	April Shields
788	Abagail_Johnson@hotmail.com	ETailjCVwmdnf6i	Angela Fay
789	Linda.Schumm@hotmail.com	fcAT0B_UNI5zUQh	Jalyn Hackett
790	Antonia.OKeefe@gmail.com	8Yy8EXwAAG1fbiU	Torrance Langosh
791	Libbie4@yahoo.com	6AzedXOpTkzGhLg	Eleazar Purdy
792	Justice_Romaguera@yahoo.com	8gJLakJ5NQPhP2J	Alejandrin Heidenreich
793	Eusebio.Borer9@yahoo.com	UJWJTMCEgyApV7L	Glen Kuvalis
794	Olaf26@hotmail.com	wSBNL5E052XzU8N	Terence Brekke
795	Sydni28@gmail.com	2oqSt98HcrGLB9W	Kameron Schmitt
796	Charlene_Simonis96@gmail.com	apY2FzbKUDhrJvf	Helga Dibbert
797	Stacey33@gmail.com	fw3rmrNpzirUGdk	Sammie Douglas
798	Jakob45@gmail.com	Qubo_wkZxtSPWXY	Leo Cole
799	Lavinia_Wunsch@gmail.com	08s8pg2Gtq0xtrK	Quinn Price
800	Liliana_Beier@hotmail.com	mVSxF6SkI6nPD6G	Johnpaul Koepp
801	Jacey40@gmail.com	rv2J7UojIQ1F2dr	Elizabeth Mraz
802	Conrad12@yahoo.com	FMQfRnYbZCMj0og	Junius Padberg
803	Alfredo25@yahoo.com	Mm5FlRncbal0_LO	Ignatius Hudson
804	Kelley5@gmail.com	rY75RWIWbrG8aij	Elmira Adams
805	Bruce35@yahoo.com	uIWdaUZVxFeRLvO	London Bayer
806	Pascale46@yahoo.com	v16oBPWiESZfqFt	Alfreda Schmeler
807	Maurine_Olson34@gmail.com	oa7euk_aRLwoDUM	Hattie McGlynn
808	Cleo_Mueller@gmail.com	K9LjGBOjtYe3qUX	Gregoria Kunde
809	Carley.Bartell77@gmail.com	ABdLcyWuzCNDUOx	Flavio Gutkowski
810	Michele0@gmail.com	byeA7aU8JpC5oWK	Theo McCullough
811	Jess_Aufderhar@hotmail.com	92TRd08xXcuDN4Y	Rodrigo Moore
812	Grady.Cummings@hotmail.com	NzsjL2zSzbwET2h	Orion Robel
813	Maddison.Mertz38@yahoo.com	0TJJ72EJ8zEdChc	Cooper Herman
814	Jo_Price79@gmail.com	07ghAiTRMkC_gAl	Hollie Sauer
815	Virgil.Howe@gmail.com	pjvLsT4Hvr_JaaD	Carolyne Ledner
816	Brandt.Bayer74@yahoo.com	zZeKMCw0HaIf3h9	Cesar Bergnaum
817	Mara67@gmail.com	f6oF_GIeVvvgSJu	Brennan Vandervort
818	Easton43@gmail.com	ZHpBeHp5qKHlUnL	Laney Satterfield
819	Ona_OConnell@hotmail.com	ViIG4AQvSFXwiQ1	Annabelle Cummerata
820	Forrest.Huels@yahoo.com	28ErWVXdbNkFh1k	Luis Romaguera
821	Andreanne.Nienow59@hotmail.com	UEfVa59Sh6VyXQY	Ricardo Gislason
822	Janet.Altenwerth20@hotmail.com	5vSn8oNVH1JWa5I	Roman Leuschke
823	Morris_Borer78@gmail.com	N2fdaFXHpS7gSNV	Nikki Lockman
824	Amber.Maggio41@yahoo.com	WDK5yX7pSuc6Wcn	Rahsaan Stiedemann
825	Dewitt.Windler20@yahoo.com	H3Mew_Y0Lubs4De	Broderick Predovic
826	Ernie.Ritchie@yahoo.com	GS48AY42yDlDt4z	Talia Bosco
827	Curtis.Schneider41@yahoo.com	mFvJT1FpDsQYkv9	Dariana Olson
828	Walton.Schuster43@yahoo.com	usvAbVfVstAdNiM	Lenny Connelly
829	Guillermo21@hotmail.com	z27DgnQEJMPcf4a	Genesis Nader
830	Kaia.Hessel@yahoo.com	nFvOLocerteq7uz	Verna Stokes
831	Esmeralda97@yahoo.com	xqBm17Y_GzgcANm	Marianna Gottlieb
832	Davonte.Crona@yahoo.com	9kZwQfQd2pL2SHx	Bernhard Lebsack
833	Trey21@gmail.com	rwjhuAvR_nTk24H	Golda Hilll
834	Meredith_Volkman49@hotmail.com	2652I3aX5TVWsSs	Zena Bruen
835	Laurianne_Kessler48@hotmail.com	ikmTWlO3l_57CEF	Jada Sipes
836	Forest7@hotmail.com	k0wNeI_c1ztfhp6	Nathanael Barton
837	Margaret.Halvorson73@gmail.com	panbHsYUKahfJ_L	Reginald Sanford
838	Citlalli95@gmail.com	ZBZqEwo9lpIN0Jy	Roel Wolf
839	Jean.Oberbrunner@yahoo.com	44x8qxK42LivrIZ	Rosetta Hilll
840	Genesis.Langworth89@yahoo.com	ZO0iIXMfLPdC9iE	Price Smitham
841	Titus5@hotmail.com	UnX0ZnSs9gg0tG9	Lolita Denesik
842	Daija13@hotmail.com	Uoaag89vZxB6zfJ	Nia Dach
843	Maya.Miller38@yahoo.com	0PCCWhU4hejpqwn	Nasir Reichert
844	Gennaro.Bruen34@yahoo.com	WpgKEhjz2Ovv50F	Eloise Deckow
845	Georgette_Cummerata@yahoo.com	5Ogvi5l6ecL47ue	Eldora Breitenberg
846	Lila.Yost15@yahoo.com	2_lRDXMySTWRx78	Salvatore Hilll
847	Armando.Jacobi@hotmail.com	TiohLc66_7Kk7GA	Brendon Leffler
848	Rafaela_Smith50@yahoo.com	I73pVbJjOxQ7gA2	Caleigh Hickle
849	Delbert_Konopelski@hotmail.com	1HXWhkT3Kmcphni	Edwin Torp
850	Chelsie91@yahoo.com	7DCrywCRcOiMO0q	Damon Gerlach
851	Roslyn26@gmail.com	W1kZtPwkHEbD4Nv	Freddie Cole
852	Elton.McLaughlin17@gmail.com	KFWtL8NNSO9GnEO	Alvina Ferry
853	Keenan_Stark87@hotmail.com	rdUfpvP6RFQ8_co	Elsa Schiller
854	Lyric.Dietrich@hotmail.com	tOt_9uW3xXXuti8	Silas Hamill
855	Clotilde43@yahoo.com	kiNs961ZXZc2eCA	Jon Crona
856	Daisha.Gerhold58@gmail.com	VqMCWwXC63SzNXA	Eric Stiedemann
857	Zoie22@yahoo.com	cbA_4Pe4qdKdWdA	Isadore Cronin
858	Kristy87@hotmail.com	_IJnn4gz81XMZX1	Waldo Marks
859	Allie93@hotmail.com	oDg9dKKkHpn9Lcs	Jovanny Goyette
860	Mollie.Jaskolski@yahoo.com	D4lkJeidkiaRFs1	Ettie Cummerata
861	Hubert48@yahoo.com	jXsWbZ508BYgV_r	Trystan McKenzie
862	Koby_Sawayn@gmail.com	4ft1ulUhS9PqY7w	Marion Wilkinson
863	Alexa.Muller@hotmail.com	EBkc4LGuGoYsQeL	Moshe Johnston
864	Presley4@hotmail.com	TGsc7uojI_MAbuX	Leo Labadie
865	Vida69@hotmail.com	BscPzKBgHwmSyPk	Leonora Becker
866	Alyce.Wiegand65@gmail.com	RgaCjyXVVbisSfo	Andy Swaniawski
867	Asia_Reinger@yahoo.com	1m8sNpTU9N0cVR9	Etha Robel
868	Wilhelm.Lakin94@yahoo.com	_Oipwk9bw3P6I1R	Oda Quigley
869	Dixie_Daugherty@yahoo.com	B5cJLa7gk9n4edO	Jakob Turner
870	Deonte_Kautzer2@yahoo.com	hf8TE2n7hueraZn	Jerome Tromp
871	Claudie.Trantow@gmail.com	Et9K7a9tn0z2A5S	Lester Adams
872	Leonel95@gmail.com	A429Y6KAgLeyQiQ	Bret Kreiger
873	Melba_Grimes67@hotmail.com	toRORfz_IlmMW92	Samson Hoeger
874	Renee11@yahoo.com	U2LtSSD5DS_o0T1	Paige Gutkowski
875	Dedric40@yahoo.com	TqAspDPUpTuMQim	Nia Altenwerth
876	Deanna31@gmail.com	haZP3rgjdLrHWm8	Monica Cole
877	Malika40@gmail.com	LE8jUkddvNVENKi	Dangelo Wuckert
878	Kaylin_Gleichner@hotmail.com	87FUoVgVb5x6RKi	Telly Farrell
879	Larry_Hammes@hotmail.com	f8B54puIYl1HaEx	Pearlie Reichel
880	Bobby_Bernier@gmail.com	ovWmC5g1lMT1D9k	Cody Durgan
881	Ottis_Schowalter@gmail.com	rya35JCQyG7DLoW	Freeman Murray
882	Prudence.Runolfsson54@yahoo.com	JkN0oG8wepGC9JE	Cora Heller
883	Orlo.Schmidt@gmail.com	JlStLNiurX_sHse	Sheila Koepp
884	Alec.VonRueden39@gmail.com	4kAWUT0416YgLlI	Henry Bins
885	Nathanael_Murray20@gmail.com	pmuoj0uTuZ4Kjnd	Braeden Larson
886	Thora11@hotmail.com	x7scYVVhtHq79Aw	Brando Stiedemann
887	Sibyl.Beahan@gmail.com	xctXTJhXmDpAlOQ	Orie Hamill
888	Alexa_Reilly@hotmail.com	yLUZKDYyYafZdxE	Hiram Reichel
889	Sarai12@gmail.com	3MAcjChM2SxOEtD	Joyce Ebert
890	Simone35@yahoo.com	9l6YGnGMJo9T4hQ	Karli Padberg
891	Merle1@gmail.com	XiH2Q_KoGMVx1ML	Sydney Olson
892	Saul_Graham36@gmail.com	WUY43M8aMzKiRb4	Marjolaine Stroman
893	Arlie.Flatley@yahoo.com	eAiItwCpP_fBCSo	Quentin Fisher
894	Antwan_Olson75@hotmail.com	P1y0HIJ8_cC7cXZ	Heloise Pfannerstill
895	Austyn_Witting@yahoo.com	2ptPDRK_lpYMBz8	Duane Reynolds
896	Randal.Luettgen@hotmail.com	ci01DfNrA9SKqPU	Mallie Sporer
897	Francisca_Konopelski@yahoo.com	Zm00sZMKXm3Lzwz	Kadin Hickle
898	Gabrielle.Hermiston@hotmail.com	IKmChRHNJs3IPpu	Haven Hilpert
899	Ewald.Klein@yahoo.com	2fuBEcatGWRz5s1	Khalid Pollich
900	Wilma_Nikolaus@gmail.com	F5y7UhUYuum6IFU	Laverne Kreiger
901	Zack.Monahan@gmail.com	Bq2eWBk2frPksgL	Letitia Russel
902	Davin.Johnson31@gmail.com	hr_GS03RYKgVgi0	Lydia Kreiger
903	Hosea84@gmail.com	1LazNXPsEopivfb	Randy Rosenbaum
904	Lauretta.Orn@gmail.com	sR5QFoRFKIyEgh3	Virgil Jerde
905	Taylor.Daugherty@yahoo.com	9vvWmWLXF3h3H8Z	Harry Kuphal
906	Geo.Marquardt74@yahoo.com	wU8QP3ET7FF4yVw	Faustino Pfannerstill
907	Paris.Raynor14@hotmail.com	m4gBEgKoUR6fbI1	Priscilla Hudson
908	Sedrick.Kunde@yahoo.com	1ww8HjRsG4qA2el	Gerda Gibson
909	Justice.Hackett@gmail.com	wgwDYk2xZYd1mIz	Holly McCullough
910	Lauryn_Braun38@gmail.com	3g2wlDaGohULIEg	Boyd Blanda
911	Lincoln_Okuneva91@hotmail.com	s9OVMAZYffktodY	Josiane Thiel
912	Roselyn.Gislason42@yahoo.com	BECkL4qF4Bwnc2m	Wilma Auer
913	Candido_Christiansen81@hotmail.com	cuJaGLFNDS34AyR	Virgil Marvin
914	Jazmin.Witting@yahoo.com	uNLa1irSQLl0fFP	Annamarie Boyle
915	Daniela79@gmail.com	1IHNjEEz0KHrY8j	Elenor Fadel
916	Don.Mraz@gmail.com	jrmzHJajykHP84p	Lenore Goldner
917	Gaetano10@gmail.com	O7EEHIE6bLS0gmQ	Geoffrey Rutherford
918	Jovani.Johnston@yahoo.com	EoQg6PCjpMPYR13	Isai Doyle
919	Zakary_Emard@gmail.com	Q7oeDOMYx_Q2JHp	Cristian Gibson
920	Kennedy.Balistreri95@yahoo.com	2W_rw_rneqPJVbM	Tyson Durgan
921	Golda41@yahoo.com	GRlgf7HQcRsHs82	Jeff Parker
922	Lemuel42@gmail.com	F9J0QoJr2KH7KZ0	Yasmine Hessel
923	Arturo78@yahoo.com	RIjPnBpz9LvzfPI	Golda Lockman
924	Fleta28@gmail.com	BBXX2sjPfwXi9Mz	Samanta Schumm
925	Rowena41@yahoo.com	jm_SnVIZgkfnCnY	Wiley Runolfsson
926	Fabiola19@hotmail.com	bdUOn8UW88WkoUQ	Kameron Gutmann
927	Chance.Block3@gmail.com	2a1_1YH1uXJDwyg	Emely Franecki
928	Ernesto87@yahoo.com	BNDwntcn9K2fLBx	Janiya Bradtke
929	Donald20@hotmail.com	UXWC6XEcDH6OqXA	Branson Nikolaus
930	Raymundo42@yahoo.com	Bmw_b6RxGJYunx2	Myriam Hayes
931	Jadyn.Gusikowski12@yahoo.com	qoKtsHCprxKCZCi	Zola Kuhic
932	Lukas_Boehm@yahoo.com	tZkVdTUnhYmY0a3	Kailey Kling
933	Wendell20@gmail.com	CHb5pprki0QauRR	Keanu Daugherty
934	Carissa.Klein55@yahoo.com	_WAeNeDuCrTMhGM	Shanel Hirthe
935	Mazie.Luettgen51@hotmail.com	VXdlWirgTdz0OSm	Carley Hane
936	Cody.Boyer@gmail.com	SPKSyHCbiQYlbnV	Bernadette Goyette
937	Louisa.Barton15@yahoo.com	Gfih6Nafa2nrOGE	Craig Bauch
938	Franco_Pacocha15@hotmail.com	t4QGnrJcsWUvvzm	Ephraim Kassulke
939	Gust_Lang@yahoo.com	PyEsdUSNp15eyrL	Israel Koch
940	Art_Hills35@gmail.com	ivCbtQPRiSI8Xp2	Danika Schowalter
941	Samantha_Kessler57@hotmail.com	a3ZXoKYTaPjG7bv	Joany Jast
942	Braulio_Kutch@gmail.com	EamjnoZdHoqff1B	Pierre Schowalter
943	Jadyn42@hotmail.com	y4ZRXyge2I4kRJT	Velma Jacobi
944	Emily_Satterfield@hotmail.com	fhcn0RwoZLyn8xr	Ronny Torphy
945	Juliet_Purdy67@gmail.com	705_OlxBjOZcj9s	Marjory Wehner
946	Wyman.Gorczany@gmail.com	2TCxyhWS36Dz2Nq	Enola Orn
947	Rodrigo_Wolff@gmail.com	0sik68NtvVdNHOr	Julia Hauck
948	Ardella_Sporer@yahoo.com	bCJ0D4IPNCnLtf4	Mario Tillman
949	Gardner_Waelchi@hotmail.com	bwJlESPN62PI3xi	Alisa Bailey
950	Cedrick.Barrows@yahoo.com	Odz7avLj5GL0OGv	Brenden Beer
951	Joesph95@yahoo.com	_vqPHHfXj2efOoP	Khalid Sipes
952	Emil27@yahoo.com	G34iZ_edFJllfV1	Amber Muller
953	Flavio_Block77@gmail.com	fBRI6TODp1WOOO0	Julie Brakus
954	Robb_Spinka28@gmail.com	YA9d8HQDPQeVOD0	Orpha Bergnaum
955	Stewart.Breitenberg33@gmail.com	JlTMPN7HslQJsu4	Concepcion Harris
956	Randy.Ortiz@gmail.com	JA9HJLF4bCjPvDa	Jarrod Mante
957	Conrad.Quitzon@gmail.com	V8s2WxF1P1QA_vx	Sheridan Kemmer
958	Webster9@gmail.com	a4HvVy6OYYr_018	Missouri Casper
959	Sammie_McLaughlin99@yahoo.com	eiI0VhDpsuDrmBN	Lula Ruecker
960	Liza.Johns32@hotmail.com	CUtl0QrgDTfQmG_	Quentin Abernathy
961	Erwin_Conroy@gmail.com	l6KTrLKF9M20xCn	Hugh Pollich
962	Dewayne_Roberts@yahoo.com	_tO68J6KkLLjky3	Opal Emmerich
963	Bettye_White@hotmail.com	VOLeD1LyvWXK01W	Oswaldo Klocko
964	Mose.Kassulke25@gmail.com	OXJ80edxeXxKjfF	Rylan Vandervort
965	Octavia47@yahoo.com	oYfXwF6EDZHrvF_	Demetris Lemke
966	Elmo.Stokes57@yahoo.com	leFid6y26SESz0W	Vince Reichert
967	Carlo41@gmail.com	GhRGoSlrLkSrDMi	Kiana Gottlieb
968	Carey.Lehner4@hotmail.com	tMSgM8zn51Xv0H6	America Runte
969	Juana.Zboncak47@gmail.com	XUgMt54lhY3Cldo	Elwyn Gleason
970	Nichole.Aufderhar27@yahoo.com	i8Uyfo343iHjVyE	Coby Anderson
971	Margret91@yahoo.com	wzovWoWOF2I8FnY	Adalberto Weissnat
972	Candida_Ebert71@yahoo.com	vkvv7TqHobvxUSf	Meggie Tillman
973	Chad25@gmail.com	_D1VvoheWDQoTb1	Sienna Beatty
974	America1@gmail.com	M1F9jV2lJ1nUdn6	Beaulah Torphy
975	Eudora26@hotmail.com	MP8_OkstTBMsNif	Evans Breitenberg
976	Gaston.Stanton98@yahoo.com	xBKzEKP1qcJLEYB	Brando Ryan
977	Rosanna5@gmail.com	XvNm3BPdmQoioRb	Verla Schoen
978	Eula_Windler97@hotmail.com	VnnTuThR4uEENl4	Cloyd Schuppe
979	Judah13@gmail.com	mr_BUP0FJ8GJ36z	Althea Franecki
980	Harry62@gmail.com	KW0hARIOOuM0GCL	Maudie Abshire
981	Alfonso_Rosenbaum74@yahoo.com	2bnLdXDd7HrdQzY	Jeanne Stamm
982	Annabell_Schroeder3@hotmail.com	XzzkmCJK0n6qlPi	Floy Orn
983	Maurice_Monahan39@hotmail.com	4Y2iW0PyYc4cXD1	Dorcas Runolfsdottir
984	Albina58@hotmail.com	kRH43Scu9DA_TBZ	Shaun Bradtke
985	Philip_Botsford@gmail.com	FkmTh9Q7wHSeiYd	Hassie Buckridge
986	Rosalee15@gmail.com	W9NnozA_HLSy_CJ	Kitty Jacobs
987	Hilda_Paucek@hotmail.com	0BJLMiDuRwkZE5U	Lucinda Hane
988	Alfredo.Kemmer19@hotmail.com	RbfsOl7mAsGNnmx	Ignacio Prohaska
989	Fidel.Crona27@gmail.com	COLgeqWwpjhaNcU	Sincere Ullrich
990	Loyal44@yahoo.com	AKmWFjey6bbPznK	Dane Aufderhar
991	Katrine_West@yahoo.com	CK3iNyOj4KPN1ou	Cecilia D'Amore
992	Granville45@yahoo.com	IZ4QCsQiI6bAqsr	Carlos Johnson
993	Christ.Beahan@yahoo.com	w4bIDX9CQ1HY3A2	Jordan Konopelski
994	Danny_Muller14@hotmail.com	waRcbXrWjw6LwA9	Madelynn Parisian
995	Marian.Jones48@hotmail.com	te9nR_gqiJwLAO1	Nat Waters
996	Fern.Kling@yahoo.com	2q9SZ_U10JQJfdK	Julius Heaney
997	Brian.Watsica93@hotmail.com	WAxwTm4RUV_nmiK	Jarrell Cummerata
998	Chaya.Hodkiewicz45@yahoo.com	IxkqlP4vVsbgyXF	Mozell Sauer
999	Raul56@gmail.com	JaAdPZMQZeZYFaL	Nettie Schimmel
1000	Lenny.Schoen@yahoo.com	5sSKJZx1yq80AcH	Granville Krajcik
1001	Adriel37@yahoo.com	Afvk4ioPlasMlHP	Nels Murphy
1002	Donnell10@hotmail.com	XrNQ80VGIhYOEX3	Abigayle Nikolaus
1003	Zachary71@gmail.com	NCmoo6_EYSseVXS	Torey Ullrich
1004	Esteban.Wunsch40@gmail.com	oRA6IFer2szzxk0	Jazmyne Mosciski
1005	Georgette.Grady3@gmail.com	tVL5Rus1Vr3AOVV	Telly Yost
1006	Randal12@hotmail.com	nu0JrcFqU3XwWtX	Natasha Schaden
1007	Abelardo.Deckow73@yahoo.com	fng_y31agO7rq9i	Harrison Kshlerin
1008	Maxie96@gmail.com	lc2651iyzGt2bbS	Samson O'Kon
1009	Zaria13@hotmail.com	PR8NBevrUzGRDXi	Petra Vandervort
1010	Lorna_Rippin@hotmail.com	XjwZ3CDKy5qKEU8	Birdie Green
1011	Vidal22@yahoo.com	wALhTrAyLix942o	Thalia Cronin
1012	Hipolito46@yahoo.com	P65ia2_Fsg0SU5t	Jadon Sipes
1013	Judson.Mills28@hotmail.com	WI65YxKrk9mEr5m	Noble Reinger
1014	Sydnee_Mayer@yahoo.com	wtwGjiuWIfu6W3p	Virginia Kulas
1015	Louie79@hotmail.com	RsmqvtiGvYg3hYH	Jimmie Koch
1016	Carroll_Bradtke@hotmail.com	_q5CoCNI4NaLg_h	Michale Davis
1017	Glennie.Collier@gmail.com	NLLzQ2oj0uBOSGn	Gennaro Runolfsson
1018	Melvina93@gmail.com	SZSLgPf4ReeBEKt	Aurelio Moen
1019	Beulah.Klocko@gmail.com	RyqdKtR3DoEoHyB	Emmanuel Sawayn
1020	Hermina5@gmail.com	NIbc1nfwPfKEQ1o	Tristian Mante
1021	Ruthe_Goodwin18@hotmail.com	p2n42PdAoKn9q0Z	Adrien Marks
1022	Price12@yahoo.com	1acZl6_8H2Z0VCj	Nikki Jones
1023	Irving.Raynor@yahoo.com	GSoxCdkYwVbmLrL	Marcellus Lesch
1024	Abby85@hotmail.com	QEjdwZJ7hrnr4Hk	Minerva Wintheiser
1025	Gunner.Hettinger59@gmail.com	muPQPo8n8lpMusP	Boyd Bartoletti
1026	Sylvester81@gmail.com	tcFq0C3YCqbT5VR	Jed Hartmann
1027	Alice_Schultz@yahoo.com	TWcebF4482aJ81M	Marlin Schaden
1028	Wilbert.Stiedemann37@hotmail.com	OOUdEI0bgGm2TJ1	Solon Hane
1029	Maxwell_Cruickshank@yahoo.com	Itg4sNMTTkhwoSq	Rafael Trantow
1030	Rachael.Dietrich@hotmail.com	1jzIdCziiCGxwK4	Hollie Corkery
1031	Twila52@hotmail.com	7hBB_ozEZuJ114M	Lenore Oberbrunner
1032	Jerrell_Cronin8@hotmail.com	GdaG60S_Qr7YYru	Adell Morissette
1033	Nathan.Gislason29@gmail.com	HlKgMU01EXnAJ58	Vivianne Dietrich
1034	Reilly67@gmail.com	WroTRhQthfCNUr1	Emmet Bernier
1035	Ally63@yahoo.com	NL4Gp4XWFSoI7rc	Mafalda Dickens
1036	Yoshiko.Gottlieb67@yahoo.com	i5jNDdvpf4uC17m	Pierre Kiehn
1037	Jarvis61@yahoo.com	wGpcoq2FC6Fj8z5	Payton Miller
1038	April.Roberts@yahoo.com	mUAaIXetfGo7KwY	Marley Schroeder
1039	Brandy95@yahoo.com	K_XqlZcJC0RjzH1	Kaya Davis
\.


--
-- Data for Name: Worker; Type: TABLE DATA; Schema: public; Owner: eshop
--

COPY public."Worker" (id, "firstName", "lastName", email, "createdAt", "updatedAt") FROM stdin;
1	Javon	Shanahan	Annamarie47@hotmail.com	2023-04-01 00:58:26.917	2023-04-01 00:58:26.917
2	Vallie	Metz	Benedict87@yahoo.com	2023-04-01 00:58:27.06	2023-04-01 00:58:27.06
3	Vidal	Aufderhar	Grace0@gmail.com	2023-04-01 00:58:27.121	2023-04-01 00:58:27.121
4	Nicola	Bogisich	Natasha.Hansen@gmail.com	2023-04-01 00:58:27.179	2023-04-01 00:58:27.179
5	Adell	Keebler	Sadye_Walsh29@yahoo.com	2023-04-01 00:58:27.237	2023-04-01 00:58:27.237
6	Rodger	Beier	Ima.Cassin@yahoo.com	2023-04-01 00:58:27.303	2023-04-01 00:58:27.303
7	Aylin	Waters	Wanda.Auer94@yahoo.com	2023-04-01 00:58:27.361	2023-04-01 00:58:27.361
8	Branson	Hane	Myriam.Gerlach73@gmail.com	2023-04-01 00:58:27.42	2023-04-01 00:58:27.42
9	Aimee	Schamberger	Haskell.Hermiston90@yahoo.com	2023-04-01 00:58:27.478	2023-04-01 00:58:27.478
10	Serena	Hoppe	Jose.Emmerich@yahoo.com	2023-04-01 00:58:27.57	2023-04-01 00:58:27.57
\.


--
-- Data for Name: _ScheduleWorkers; Type: TABLE DATA; Schema: public; Owner: eshop
--

COPY public."_ScheduleWorkers" ("A", "B") FROM stdin;
2	2
3	3
4	4
5	5
6	6
7	7
8	8
9	9
10	10
\.


--
-- Data for Name: _prisma_migrations; Type: TABLE DATA; Schema: public; Owner: eshop
--

COPY public._prisma_migrations (id, checksum, finished_at, migration_name, logs, rolled_back_at, started_at, applied_steps_count) FROM stdin;
c13c083e-98ee-4595-a169-57b97ac3afff	0f64a28933f2e5112e25fb37228fcad4d9587c5d7d10d1581970b0e7b09cef9e	2023-03-28 21:57:57.230378+00	20230322175910_first_migration	\N	\N	2023-03-28 21:57:57.007369+00	1
950482b6-3ee4-4b26-bd28-e0b30572d8d2	6853f42ae69239976b84d058430774c8faa83488545e84162844dab84b47294d	2023-03-28 21:57:57.263595+00	20230322180036_added_name_to_user	\N	\N	2023-03-28 21:57:57.238681+00	1
5474037d-d151-412f-8ff8-465be2179f5e	39157eb134c91365fc22c38a2096ebe99720035651aedb694e1eefbbe1197665	2023-03-28 22:13:46.082472+00	20230328221345_cart	\N	\N	2023-03-28 22:13:45.845025+00	1
5314f237-4b52-41cd-b227-c0772c3aab11	c49d5d4c9104f57026594c13c617061683d3f797167811f67089fb13dd178df0	2023-03-29 20:02:32.083756+00	20230329200231_user_post	\N	\N	2023-03-29 20:02:31.930291+00	1
1edb47b3-2b2b-4efd-ab32-cbd5132a5cb9	0732d6e2270579fc982115d1fa07f7b20cc88320f08b733a5d1d0b485cf5f08f	2023-03-29 22:54:59.481188+00	20230329225459_posts_and_publish_field	\N	\N	2023-03-29 22:54:59.453768+00	1
93fb8f6f-c7de-4c7a-8a7d-090fed78f4e5	43cfabe21bb17f4ec1ee0fae3b037fa79c320ff45f2cb2d866ae072ddf883b42	2023-03-29 23:07:20.716781+00	20230329230720_product_price_to_string	\N	\N	2023-03-29 23:07:20.580124+00	1
fdd7e710-977e-4357-a8da-4bc7c85959e4	8bc6bf785e071686b689eb45cc007fd3ffa1bdf3e97f21c3b8facec86cf188a9	2023-04-01 00:09:32.886503+00	20230401000932_added_schedule_models	\N	\N	2023-04-01 00:09:32.207474+00	1
167aef5d-a3fd-434a-a889-32542914177c	311672f1aff92a7e02c867828adc9dbd1d975eb0693da3b7407d56d1de7cf0da	2023-04-03 14:46:29.342706+00	20230403144629_delete_schedule_deletes_notifications	\N	\N	2023-04-03 14:46:29.273178+00	1
bf6f3f34-5caa-4f5c-9d4f-a7c6f01698c5	2ea5c7990ea44fc4a51ec65938721b0b8aa5c530cf7f2113fb6c473968286f5d	2023-04-03 14:48:31.821891+00	20230403144831_delete_schedule_deletes_report	\N	\N	2023-04-03 14:48:31.786381+00	1
\.


--
-- Name: Availability_id_seq; Type: SEQUENCE SET; Schema: public; Owner: eshop
--

SELECT pg_catalog.setval('public."Availability_id_seq"', 10, true);


--
-- Name: CartItem_id_seq; Type: SEQUENCE SET; Schema: public; Owner: eshop
--

SELECT pg_catalog.setval('public."CartItem_id_seq"', 30, true);


--
-- Name: Cart_id_seq; Type: SEQUENCE SET; Schema: public; Owner: eshop
--

SELECT pg_catalog.setval('public."Cart_id_seq"', 15, true);


--
-- Name: Notification_id_seq; Type: SEQUENCE SET; Schema: public; Owner: eshop
--

SELECT pg_catalog.setval('public."Notification_id_seq"', 10, true);


--
-- Name: Post_id_seq; Type: SEQUENCE SET; Schema: public; Owner: eshop
--

SELECT pg_catalog.setval('public."Post_id_seq"', 64, true);


--
-- Name: Product_id_seq; Type: SEQUENCE SET; Schema: public; Owner: eshop
--

SELECT pg_catalog.setval('public."Product_id_seq"', 30, true);


--
-- Name: Report_id_seq; Type: SEQUENCE SET; Schema: public; Owner: eshop
--

SELECT pg_catalog.setval('public."Report_id_seq"', 10, true);


--
-- Name: Schedule_id_seq; Type: SEQUENCE SET; Schema: public; Owner: eshop
--

SELECT pg_catalog.setval('public."Schedule_id_seq"', 10, true);


--
-- Name: Shift_id_seq; Type: SEQUENCE SET; Schema: public; Owner: eshop
--

SELECT pg_catalog.setval('public."Shift_id_seq"', 10, true);


--
-- Name: TimeOff_id_seq; Type: SEQUENCE SET; Schema: public; Owner: eshop
--

SELECT pg_catalog.setval('public."TimeOff_id_seq"', 10, true);


--
-- Name: User_id_seq; Type: SEQUENCE SET; Schema: public; Owner: eshop
--

SELECT pg_catalog.setval('public."User_id_seq"', 1039, true);


--
-- Name: Worker_id_seq; Type: SEQUENCE SET; Schema: public; Owner: eshop
--

SELECT pg_catalog.setval('public."Worker_id_seq"', 10, true);


--
-- Name: Availability Availability_pkey; Type: CONSTRAINT; Schema: public; Owner: eshop
--

ALTER TABLE ONLY public."Availability"
    ADD CONSTRAINT "Availability_pkey" PRIMARY KEY (id);


--
-- Name: CartItem CartItem_pkey; Type: CONSTRAINT; Schema: public; Owner: eshop
--

ALTER TABLE ONLY public."CartItem"
    ADD CONSTRAINT "CartItem_pkey" PRIMARY KEY (id);


--
-- Name: Cart Cart_pkey; Type: CONSTRAINT; Schema: public; Owner: eshop
--

ALTER TABLE ONLY public."Cart"
    ADD CONSTRAINT "Cart_pkey" PRIMARY KEY (id);


--
-- Name: Notification Notification_pkey; Type: CONSTRAINT; Schema: public; Owner: eshop
--

ALTER TABLE ONLY public."Notification"
    ADD CONSTRAINT "Notification_pkey" PRIMARY KEY (id);


--
-- Name: Post Post_pkey; Type: CONSTRAINT; Schema: public; Owner: eshop
--

ALTER TABLE ONLY public."Post"
    ADD CONSTRAINT "Post_pkey" PRIMARY KEY (id);


--
-- Name: Product Product_pkey; Type: CONSTRAINT; Schema: public; Owner: eshop
--

ALTER TABLE ONLY public."Product"
    ADD CONSTRAINT "Product_pkey" PRIMARY KEY (id);


--
-- Name: Report Report_pkey; Type: CONSTRAINT; Schema: public; Owner: eshop
--

ALTER TABLE ONLY public."Report"
    ADD CONSTRAINT "Report_pkey" PRIMARY KEY (id);


--
-- Name: Schedule Schedule_pkey; Type: CONSTRAINT; Schema: public; Owner: eshop
--

ALTER TABLE ONLY public."Schedule"
    ADD CONSTRAINT "Schedule_pkey" PRIMARY KEY (id);


--
-- Name: Shift Shift_pkey; Type: CONSTRAINT; Schema: public; Owner: eshop
--

ALTER TABLE ONLY public."Shift"
    ADD CONSTRAINT "Shift_pkey" PRIMARY KEY (id);


--
-- Name: TimeOff TimeOff_pkey; Type: CONSTRAINT; Schema: public; Owner: eshop
--

ALTER TABLE ONLY public."TimeOff"
    ADD CONSTRAINT "TimeOff_pkey" PRIMARY KEY (id);


--
-- Name: User User_pkey; Type: CONSTRAINT; Schema: public; Owner: eshop
--

ALTER TABLE ONLY public."User"
    ADD CONSTRAINT "User_pkey" PRIMARY KEY (id);


--
-- Name: Worker Worker_pkey; Type: CONSTRAINT; Schema: public; Owner: eshop
--

ALTER TABLE ONLY public."Worker"
    ADD CONSTRAINT "Worker_pkey" PRIMARY KEY (id);


--
-- Name: _prisma_migrations _prisma_migrations_pkey; Type: CONSTRAINT; Schema: public; Owner: eshop
--

ALTER TABLE ONLY public._prisma_migrations
    ADD CONSTRAINT _prisma_migrations_pkey PRIMARY KEY (id);


--
-- Name: User_email_key; Type: INDEX; Schema: public; Owner: eshop
--

CREATE UNIQUE INDEX "User_email_key" ON public."User" USING btree (email);


--
-- Name: Worker_email_key; Type: INDEX; Schema: public; Owner: eshop
--

CREATE UNIQUE INDEX "Worker_email_key" ON public."Worker" USING btree (email);


--
-- Name: _ScheduleWorkers_AB_unique; Type: INDEX; Schema: public; Owner: eshop
--

CREATE UNIQUE INDEX "_ScheduleWorkers_AB_unique" ON public."_ScheduleWorkers" USING btree ("A", "B");


--
-- Name: _ScheduleWorkers_B_index; Type: INDEX; Schema: public; Owner: eshop
--

CREATE INDEX "_ScheduleWorkers_B_index" ON public."_ScheduleWorkers" USING btree ("B");


--
-- Name: Availability Availability_workerId_fkey; Type: FK CONSTRAINT; Schema: public; Owner: eshop
--

ALTER TABLE ONLY public."Availability"
    ADD CONSTRAINT "Availability_workerId_fkey" FOREIGN KEY ("workerId") REFERENCES public."Worker"(id) ON UPDATE CASCADE ON DELETE RESTRICT;


--
-- Name: CartItem CartItem_cartId_fkey; Type: FK CONSTRAINT; Schema: public; Owner: eshop
--

ALTER TABLE ONLY public."CartItem"
    ADD CONSTRAINT "CartItem_cartId_fkey" FOREIGN KEY ("cartId") REFERENCES public."Cart"(id) ON UPDATE CASCADE ON DELETE RESTRICT;


--
-- Name: Cart Cart_userId_fkey; Type: FK CONSTRAINT; Schema: public; Owner: eshop
--

ALTER TABLE ONLY public."Cart"
    ADD CONSTRAINT "Cart_userId_fkey" FOREIGN KEY ("userId") REFERENCES public."User"(id) ON UPDATE CASCADE ON DELETE CASCADE;


--
-- Name: Notification Notification_scheduleId_fkey; Type: FK CONSTRAINT; Schema: public; Owner: eshop
--

ALTER TABLE ONLY public."Notification"
    ADD CONSTRAINT "Notification_scheduleId_fkey" FOREIGN KEY ("scheduleId") REFERENCES public."Schedule"(id) ON UPDATE CASCADE ON DELETE CASCADE;


--
-- Name: Post Post_userId_fkey; Type: FK CONSTRAINT; Schema: public; Owner: eshop
--

ALTER TABLE ONLY public."Post"
    ADD CONSTRAINT "Post_userId_fkey" FOREIGN KEY ("userId") REFERENCES public."User"(id) ON UPDATE CASCADE ON DELETE RESTRICT;


--
-- Name: Report Report_scheduleId_fkey; Type: FK CONSTRAINT; Schema: public; Owner: eshop
--

ALTER TABLE ONLY public."Report"
    ADD CONSTRAINT "Report_scheduleId_fkey" FOREIGN KEY ("scheduleId") REFERENCES public."Schedule"(id) ON UPDATE CASCADE ON DELETE CASCADE;


--
-- Name: Shift Shift_scheduleId_fkey; Type: FK CONSTRAINT; Schema: public; Owner: eshop
--

ALTER TABLE ONLY public."Shift"
    ADD CONSTRAINT "Shift_scheduleId_fkey" FOREIGN KEY ("scheduleId") REFERENCES public."Schedule"(id) ON UPDATE CASCADE ON DELETE RESTRICT;


--
-- Name: Shift Shift_workerId_fkey; Type: FK CONSTRAINT; Schema: public; Owner: eshop
--

ALTER TABLE ONLY public."Shift"
    ADD CONSTRAINT "Shift_workerId_fkey" FOREIGN KEY ("workerId") REFERENCES public."Worker"(id) ON UPDATE CASCADE ON DELETE RESTRICT;


--
-- Name: TimeOff TimeOff_workerId_fkey; Type: FK CONSTRAINT; Schema: public; Owner: eshop
--

ALTER TABLE ONLY public."TimeOff"
    ADD CONSTRAINT "TimeOff_workerId_fkey" FOREIGN KEY ("workerId") REFERENCES public."Worker"(id) ON UPDATE CASCADE ON DELETE RESTRICT;


--
-- Name: _ScheduleWorkers _ScheduleWorkers_A_fkey; Type: FK CONSTRAINT; Schema: public; Owner: eshop
--

ALTER TABLE ONLY public."_ScheduleWorkers"
    ADD CONSTRAINT "_ScheduleWorkers_A_fkey" FOREIGN KEY ("A") REFERENCES public."Schedule"(id) ON UPDATE CASCADE ON DELETE CASCADE;


--
-- Name: _ScheduleWorkers _ScheduleWorkers_B_fkey; Type: FK CONSTRAINT; Schema: public; Owner: eshop
--

ALTER TABLE ONLY public."_ScheduleWorkers"
    ADD CONSTRAINT "_ScheduleWorkers_B_fkey" FOREIGN KEY ("B") REFERENCES public."Worker"(id) ON UPDATE CASCADE ON DELETE CASCADE;


--
-- PostgreSQL database dump complete
--

